Municipio;Fecha de patrullaje;Hora de Inicio del patrullaje;Hora de finalización de patrullaje;Región;Ubicación;Área protegida;Tipo de patrullaje;¿Existe otra institución involucrada en el patrullaje?;¿Cuál o cuáles son?;Otra (especifique);¿Observó Actividad ilegal?;CreationDate;EditDate;x;y
San Andres Semetabaj;8/13/2025 18:00;08:00;04:30;Altiplano Central;rumcla;Reserva de usos múltiples de la Cuenca del Lago de Atitlán;ac_192;no;;;no;08/13/2025 20:53:47.076;08/13/2025 20:53:47.076;-91.13139605;14.73432333
Tecpan;8/13/2025 18:00;08:00;16:07;Altiplano Central;fuera;Astillero municipal Tecpan Chimlatenango;ac_192;no;;;no;08/13/2025 22:09:14.818;08/13/2025 22:09:14.818;-90.9898913;14.7668116
San Antonio Palopó;8/13/2025 18:00;;;Altiplano Central;rumcla;Reserva de usos múltiples de la Cuenca del Lago de Atitlán;ac_192;no;;;no;08/13/2025 22:59:21.902;08/13/2025 22:59:21.902;-91.1147679;14.654852
San Antonio Palopó;8/13/2025 18:00;08:00;12:42;Altiplano Central;rumcla;Reserva de usos múltiples de la Cuenca del Lago de Atitlán;ac_192;no;;;no;08/13/2025 22:59:25.343;08/13/2025 22:59:25.343;-91.11421922;14.65759917
San Pablo La Laguna;8/13/2025 18:00;08:35;15:50;Altiplano Central;rumcla;Reserva de usos múltiples de la Cuenca del Lago de Atitlán;ac_192;no;;;no;08/13/2025 23:00:00.250;08/13/2025 23:00:00.250;-91.27385667;14.72601333
San Andres Semetabaj;08/14/2025 15:21:51.514;08:00;04:30;Altiplano Central;rumcla;Reserva de usos múltiples de la Cuenca del Lago de Atitlán;ac_192;no;;;no;08/14/2025 21:17:41.611;08/14/2025 21:17:41.611;-91.1336018;14.74296779
Santiago Atitlán;8/14/2025 18:00;08:00;04:30;Altiplano Central;rumcla;Reserva de usos múltiples de la Cuenca del Lago de Atitlán;ac_192;si;otra;Guardarecursos munisipal;no;08/14/2025 22:33:51.152;08/14/2025 22:33:51.152;-91.23381314;14.62461927
Santiago Atitlán;8/14/2025 18:00;08:00;04:30;Altiplano Central;;Reserva de usos múltiples de la Cuenca del Lago de Atitlán;ac_192;si;otra;Guardarecursos municipal;no;08/14/2025 23:13:38.382;08/14/2025 23:13:38.382;-91.24453;14.61489
Tecpan;8/14/2025 18:00;08:18;16:37;Altiplano Central;fuera;Parque Regional, Astillero Municipal de Tecpan e Iximche.;ac_192;no;;;no;08/14/2025 23:25:51.058;08/14/2025 23:25:51.058;-91.00532;14.76126167
Tecpan;8/14/2025 18:00;08:00;;Altiplano Central;fuera;Parque regional astillero municipal;ac_192;no;;;no;08/14/2025 23:54:39.477;08/14/2025 23:54:39.477;-91.00699154;14.76203169
Nahuala;8/15/2025 18:00;08:30;14:10;Altiplano Central;rumcla;Reserva de usos múltiples de la Cuenca del Lago de Atitlán;ac_192;no;;;no;08/15/2025 20:10:30.804;08/15/2025 20:10:30.804;-91.30580565;14.79910521
Santa Clara La Laguna;8/15/2025 18:00;11:01;14:38;Altiplano Central;rumcla;Reserva de usos múltiples de la Cuenca del Lago de Atitlán;ac_192;no;;;no;08/15/2025 20:38:44.793;08/15/2025 20:38:44.793;-91.30805689;14.76189306
Santiago Atitlán;8/15/2025 18:00;08:00;16:30;Altiplano Central;rumcla;Reserva de usos múltiples de la Cuenca del Lago de Atitlán;ac_192;no;;;no;08/15/2025 22:23:30.102;08/15/2025 22:23:30.102;-91.27625833;14.62542667
Acatenango;8/15/2025 18:00;08:06;16:30;Altiplano Central;fuera;Reserva de usos múltiples de la Cuenca del Lago de Atitlán;ac_192;no;;;no;08/15/2025 22:25:19.807;08/15/2025 22:25:19.807;-90.92729167;14.57307333
Santiago Atitlán;8/15/2025 18:00;08:00;04:30;Altiplano Central;rumcla;Reserva de usos múltiples de la Cuenca del Lago de Atitlán;ac_192;no;;;no;08/15/2025 22:31:29.363;08/15/2025 22:31:29.363;-91.23393972;14.62473447
San Antonio Palopó;8/15/2025 18:00;08:15;16:38;Altiplano Central;rumcla;Reserva de usos múltiples de la Cuenca del Lago de Atitlán;ac_192;no;;;no;08/15/2025 22:38:58.823;08/15/2025 22:38:58.823;-91.11697858;14.64950338
Tecpan;8/15/2025 18:00;08:10;16:38;Altiplano Central;fuera;Reserva Natural Privada. Finca Chirijuyu.;ac_192;no;;;no;08/15/2025 22:42:19.676;08/15/2025 22:42:19.676;-90.982215;14.74067167
Parramos;08/15/2025 20:07:47.087;09:07;16:35;Altiplano Central;fuera;Area protejida astilleros municipal parramos chimaltenango;ac_192;no;;;no;08/15/2025 23:16:00.624;08/15/2025 23:16:00.624;-90.8602155;14.5604963
Tecpan;8/15/2025 18:00;09:00;17:00;Altiplano Central;fuera;Reserva de usos múltiples de la Cuenca del Lago de Atitlán;ac_192;no;;;no;08/15/2025 23:30:16.805;08/15/2025 23:30:16.805;-90.97299975;14.7042757
Santa Catarina Palopó;8/18/2025 18:00;08:15;16:10;Altiplano Central;rumcla;Reserva de usos múltiples de la Cuenca del Lago de Atitlán;ac_192;no;;;no;08/18/2025 14:25:56.607;08/18/2025 14:25:56.607;-91.12561952;14.71730098
Santiago Atitlán;8/15/2025 18:00;08:00;16:30;Altiplano Central;rumcla;Reserva de usos múltiples de la Cuenca del Lago de Atitlán;ac_192;no;;;no;08/18/2025 14:39:38.116;08/18/2025 14:39:38.116;-91.27615071;14.62598048
San José Chacaya;08/18/2025 16:31:13.912;;09:31;Altiplano Central;rumcla;Reserva de usos múltiples de la Cuenca del Lago de Atitlán;ac_192;no;;;no;08/18/2025 17:38:33.264;08/18/2025 17:38:33.264;-91.2143584;14.77961117
San Andres Semetabaj;8/18/2025 18:00;08:00;04:30;Altiplano Central;rumcla;Reserva de usos múltiples de la Cuenca del Lago de Atitlán;ac_192;no;;;no;08/18/2025 21:47:47.621;08/18/2025 21:47:47.621;-91.10097343;14.70344519
Santiago Atitlán;8/18/2025 18:00;08:00;16:30;Altiplano Central;rumcla;Reserva de usos múltiples de la Cuenca del Lago de Atitlán;ac_192;no;;;no;08/18/2025 22:32:17.461;08/18/2025 22:32:17.461;-91.2486459;14.6793155
Santiago Atitlán;8/14/2025 18:00;08:00;04:30;Altiplano Central;rumcla;Reserva de usos múltiples de la Cuenca del Lago de Atitlán;ac_192;si;otra;Guardarecursos munisipal;no;08/18/2025 22:53:22.463;08/18/2025 22:53:22.463;-91.23381314;14.62461927
Santiago Atitlán;8/18/2025 18:00;08:00;04:30;Altiplano Central;rumcla;Reserva de usos múltiples de la Cuenca del Lago de Atitlán;ac_192;no;;;no;08/18/2025 22:53:27.054;08/18/2025 22:53:27.054;-91.23025008;14.6381398
Tecpan;8/18/2025 18:00;09:00;;Altiplano Central;fuera;Parque regional astillero municipal;ac_192;no;;;no;08/18/2025 23:02:59.865;08/18/2025 23:02:59.865;-91.01230048;14.75690881
Acatenango;8/18/2025 18:00;08:20;16:38;Altiplano Central;fuera;Reserva de usos múltiples de la Cuenca del Lago de Atitlán;ac_190;no;;;no;08/18/2025 23:22:27.905;08/18/2025 23:22:27.905;-91.2639821;14.212114
Santa Clara La Laguna;8/18/2025 18:00;09:38;14:50;Altiplano Central;rumcla;Reserva de usos múltiples de la Cuenca del Lago de Atitlán;ac_192;no;;;no;08/18/2025 23:51:23.749;08/18/2025 23:51:23.749;-91.31139173;14.73409704
Acatenango;8/18/2025 18:00;08:03;16:31;Altiplano Central;fuera;Astillero san antonio nejapa acatenango;ac_192;no;;;no;08/19/2025 00:28:32.358;08/19/2025 00:28:32.358;-90.92844833;14.570515
Panajachel;8/19/2025 18:00;09:13;14:09;Altiplano Central;rumcla;Reserva de usos múltiples de la Cuenca del Lago de Atitlán;ac_192;no;;;no;08/19/2025 20:58:39.511;08/19/2025 20:58:39.511;-91.1433817;14.7530583
San Andres Semetabaj;08/19/2025 14:14:27.216;08:00;04:30;Altiplano Central;rumcla;Reserva de usos múltiples de la Cuenca del Lago de Atitlán;ac_192;no;;;no;08/19/2025 21:30:23.023;08/19/2025 21:30:23.023;-91.13342479;14.74488674
Parramos/Poaquil;8/18/2025 18:00;08:30;13:30;Altiplano Central;fuera;Parque Regional Municipal astillero pajales, astillero chicorona, astillero grande y astillero pequeño;ac_192;no;;;no;08/19/2025 22:03:34.247;08/19/2025 22:03:34.247;-90.85421333;14.56810333
Santa Lucia Utatlán;8/19/2025 18:00;10:00;16:00;Altiplano Central;rumcla;Reserva de usos múltiples de la Cuenca del Lago de Atitlán;ac_192;no;;;no;08/19/2025 22:20:02.620;08/19/2025 22:20:02.620;-91.30150333;14.76806833
Tecpan;08/19/2025 16:30:50.526;08:09;16:46;Altiplano Central;fuera;Parque Regional Municipal, Astillero Municipal de Tecpan.;ac_192;no;;;no;08/19/2025 22:50:11.126;08/19/2025 22:50:11.126;-90.964296;14.7575695
Acatenango;8/19/2025 18:00;08:02;16:35;Altiplano Central;fuera;Astillero la soledad acatenango;ac_190;no;;;no;08/19/2025 22:57:00.337;08/19/2025 22:57:00.337;-90.9426853;14.5534702
Santa Maria Visitación;8/19/2025 18:00;08:00;;Altiplano Central;rumcla;Reserva de usos múltiples de la Cuenca del Lago de Atitlán;ac_192;no;;;no;08/19/2025 23:09:58.454;08/19/2025 23:09:58.454;-91.30984343;14.71664863
Santa Clara La Laguna;8/19/2025 18:00;08:00;16:30;Altiplano Central;rumcla;Reserva de usos múltiples de la Cuenca del Lago de Atitlán;ac_190;no;;;no;08/19/2025 23:16:29.468;08/19/2025 23:16:29.468;-91.32606205;14.74145119
Santiago Atitlán;8/19/2025 18:00;08:00;05:45;Altiplano Central;rumcla;Reserva de usos múltiples de la Cuenca del Lago de Atitlán;ac_192;no;;;no;08/19/2025 23:47:05.572;08/19/2025 23:47:05.572;-91.24468367;14.61474595
Santiago Atitlán;8/19/2025 18:00;08:00;16:30;Altiplano Central;rumcla;Reserva de usos múltiples de la Cuenca del Lago de Atitlán;ac_192;no;;;no;08/19/2025 23:50:11.841;08/19/2025 23:50:11.841;-91.27377897;14.61837323
Santiago Atitlán;8/14/2025 18:00;08:00;04:30;Altiplano Central;;Reserva de usos múltiples de la Cuenca del Lago de Atitlán;ac_192;si;otra;Guardarecursos municipal;no;08/19/2025 23:53:43.374;08/19/2025 23:53:43.374;-91.24453;14.61489
Santiago Atitlán;08/19/2025 23:47:38.010;20:00;16:30;Altiplano Central;rumcla;Reserva de usos múltiples de la Cuenca del Lago de Atitlán;ac_192;no;;;no;08/19/2025 23:54:52.278;08/19/2025 23:54:52.278;-91.27658;14.61004333
Tecpan;8/19/2025 18:00;08:00;16:00;Altiplano Central;fuera;Parque regional astillero municipal Tecpan;ac_192;no;;;no;08/20/2025 00:40:03.157;08/20/2025 00:40:03.157;-91.0055156;14.77530888
Parramos/Poaquil;8/20/2025 18:00;08:00;16:31;Altiplano Central;fuera;Parque Parque Regional Municipal Astillero Pajales, Astillero Chicorona, Astillero Grande y Astillero Pequeño;ac_192;no;;;no;08/20/2025 22:32:34.980;08/20/2025 22:32:34.980;-90.8060437;14.624059
Santa Clara La Laguna;8/20/2025 18:00;10:54;14:44;Altiplano Central;rumcla;Reserva de usos múltiples de la Cuenca del Lago de Atitlán;ac_192;no;;;no;08/20/2025 22:45:30.312;08/20/2025 22:45:30.312;-91.32194092;14.73750146
Tecpan;8/20/2025 18:00;08:07;16:36;Altiplano Central;fuera;Parque Nacional IXIMCHE.;ac_192;no;;;no;08/20/2025 23:15:34.708;08/20/2025 23:15:34.708;-90.99773167;14.73766667
Santa Clara La Laguna;8/20/2025 18:00;08:00;16:30;Altiplano Central;rumcla;Reserva de usos múltiples de la Cuenca del Lago de Atitlán;ac_192;no;;;no;08/20/2025 23:20:12.678;08/20/2025 23:20:12.678;-91.29411999;14.74634257
Santa Lucia Utatlán;8/19/2025 18:00;10:00;13:30;Altiplano Central;rumcla;Reserva de usos múltiples de la Cuenca del Lago de Atitlán;ac_192;no;;;si;08/20/2025 23:46:06.708;08/20/2025 23:46:06.708;-91.26677;14.77102333
Santa Lucia Utatlán;8/20/2025 18:00;08:30;;Altiplano Central;rumcla;Reserva de usos múltiples de la Cuenca del Lago de Atitlán;ac_192;no;;;no;08/20/2025 23:46:09.539;08/20/2025 23:46:09.539;-91.29735;14.71589333
San Antonio Palopó;8/20/2025 18:00;08:26;;Altiplano Central;rumcla;Reserva de usos múltiples de la Cuenca del Lago de Atitlán;ac_192;no;;;no;08/21/2025 01:59:32.666;08/21/2025 01:59:32.666;-91.1366513;14.7239837
Santa Lucia Utatlán;08/20/2025 15:32:48.804;08:30;;Altiplano Central;rumcla;Reserva de usos múltiples de la Cuenca del Lago de Atitlán;ac_192;no;;;no;08/21/2025 02:00:42.827;08/21/2025 02:00:42.827;-91.2981318;14.7156903
Santiago Atitlán;8/21/2025 18:00;08:00;16:30;Altiplano Central;rumcla;Reserva de usos múltiples de la Cuenca del Lago de Atitlán;ac_192;no;;;no;08/21/2025 18:56:07.954;08/21/2025 18:56:07.954;-91.2327142;14.6280323
SanJuan La Laguna;8/20/2025 18:00;08:00;15:04;Altiplano Central;rumcla;Reserva de usos múltiples de la Cuenca del Lago de Atitlán;ac_192;no;;;no;08/21/2025 19:43:45.361;08/21/2025 19:43:45.361;-91.29785333;14.71564333
San José Chacaya;08/21/2025 19:54:39.969;13:54;;Altiplano Central;rumcla;Reserva de usos múltiples de la Cuenca del Lago de Atitlán;ac_192;no;;;no;08/21/2025 19:57:26.337;08/21/2025 19:57:26.337;-91.1173002;14.692103
Santiago Atitlán;8/21/2025 18:00;08:03;04:30;Altiplano Central;rumcla;Reserva de usos múltiples de la Cuenca del Lago de Atitlán;ac_192;no;;;no;08/21/2025 22:34:36.512;08/21/2025 22:34:36.512;-91.23134859;14.62504995
Santiago Atitlán;8/21/2025 18:00;08:00;16:30;Altiplano Central;rumcla;Reserva de usos múltiples de la Cuenca del Lago de Atitlán;ac_192;no;;;no;08/21/2025 22:40:12.564;08/21/2025 22:40:12.564;-91.2312115;14.6291329
Acatenango;8/21/2025 18:00;08:00;16:30;Altiplano Central;fuera;Montaña el soco san antonio nejapa acatenango;ac_190;no;;;no;08/21/2025 23:06:23.424;08/21/2025 23:06:23.424;-90.9206;14.58038167
Santa Clara La Laguna;8/21/2025 18:00;08:00;16:30;Altiplano Central;rumcla;Reserva de usos múltiples de la Cuenca del Lago de Atitlán;ac_190;no;;;no;08/22/2025 03:08:39.944;08/22/2025 03:08:39.944;-91.31438803;14.73469012
Nahuala;8/22/2025 18:00;09:21;;Altiplano Central;rumcla;Reserva de usos múltiples de la Cuenca del Lago de Atitlán;ac_192;no;;;no;08/22/2025 20:15:33.198;08/22/2025 20:15:33.198;-91.289795;14.799525
San Lucas Tolimán;8/22/2025 18:00;;;Altiplano Central7;rumcla;Reserva de usos múltiples de la Cuenca del Lago 9de Atitlán;ac_192;no;;;no;08/22/2025 21:12:49.861;08/22/2025 21:12:49.861;-91.15720905;14.6204266
Santiago Atitlán;8/22/2025 18:00;08:00;16:30;Altiplano Central;rumcla;Reserva de usos múltiples de la Cuenca del Lago de Atitlán;ac_192;no;;;no;08/22/2025 21:37:05.764;08/22/2025 21:37:05.764;-91.23100333;14.62327833
San Lucas Tolimán;8/22/2025 18:00;20:40;15:20;Altiplano Central;rumcla;Reserva de usos múltiples de la Cuenca del Lago de Atitlán;ac_192;no;;;no;08/22/2025 21:55:26.607;08/22/2025 21:55:26.607;-91.12403948;14.63605442
Santa Maria Visitación;8/22/2025 18:00;06:19;;Altiplano Central;rumcla;Reserva de usos múltiples de la Cuenca del Lago de Atitlán;ac_192;si;otra;Alcalde municipal, síndicos y cocodes.;no;08/22/2025 21:59:16.123;08/22/2025 21:59:16.123;-91.30867896;14.71703935
Acatenango;8/22/2025 18:00;08:00;16:38;Altiplano Central;fuera;Serro la campana aldea pacoc acatenango;ac_190;no;;;no;08/22/2025 22:49:55.924;08/22/2025 22:49:55.924;-90.943335;14.57596
Santiago Atitlán;8/22/2025 18:00;08:09;04:30;Altiplano Central;rumcla;Reserva de usos múltiples de la Cuenca del Lago de Atitlán;ac_190;si;diprona,otra;Guardarecursos munisipal y rejente de probosque;si;08/22/2025 22:50:43.753;08/22/2025 22:50:43.753;-91.28553788;14.63360627
Santiago Atitlán;8/22/2025 18:00;08:00;09:18;Altiplano Central;rumcla;Reserva de usos múltiples de la Cuenca del Lago de Atitlán;ac_190;si;diprona,otra;Guarda Recursos Municipal;si;08/23/2025 01:56:14.136;08/23/2025 01:56:14.136;-91.2790231;14.6292412
Santiago Atitlán;8/23/2025 18:00;06:00;03:55;Altiplano Central;rumcla;Reserva de usos múltiples de la Cuenca del Lago de Atitlán;ac_190;si;diprona,otra;Guardarecursos munisipal;no;08/23/2025 22:06:32.875;08/23/2025 22:06:32.875;-91.23013093;14.64136455
Santiago Atitlán;8/23/2025 18:00;06:00;04:25;Altiplano Central;fuera;Reserva de usos múltiples de la Cuenca del Lago de Atitlán;ac_190;si;otra,diprona;Guarda Recursos Municipal;si;08/24/2025 02:31:10.053;08/24/2025 02:31:10.053;-91.2282063;14.6426266
San Andres Semetabaj;8/25/2025 18:00;08:00;04:30;Altiplano Central;rumcla;Reserva de usos múltiples de la Cuenca del Lago de Atitlán;ac_192;no;;;no;08/25/2025 21:54:22.419;08/25/2025 21:54:22.419;-91.13164088;14.74098782
Santa Clara La Laguna;8/25/2025 18:00;09:39;15:19;Altiplano Central;rumcla;Reserva de usos múltiples de la Cuenca del Lago de Atitlán;ac_192;no;;;no;08/25/2025 23:20:32.107;08/25/2025 23:20:32.107;-91.29380851;14.74435795
Santiago Atitlán;8/25/2025 18:00;08:00;16:30;Altiplano Central;rumcla;Reserva de usos múltiples de la Cuenca del Lago de Atitlán;ac_192;no;;;no;08/26/2025 01:59:36.354;08/26/2025 01:59:36.354;-91.2423326;14.637088
Santa Clara La Laguna;8/25/2025 18:00;08:00;04:30;Altiplano Central;rumcla;Reserva de usos múltiples de la Cuenca del Lago de Atitlán;ac_190;no;;;no;08/26/2025 13:58:29.574;08/26/2025 13:58:29.574;-91.31456604;14.73572791
Santa Maria Visitación;8/19/2025 18:00;08:44;15:35;Altiplano Central;rumcla;Reserva de usos múltiples de la Cuenca del Lago de Atitlán;ac_192;no;;;no;08/26/2025 20:40:39.959;08/26/2025 20:40:39.959;-91.31825833;14.71959333
Santa Maria Visitación;8/22/2025 18:00;09:30;15:54;Altiplano Central;rumcla;Reserva de usos múltiples de la Cuenca del Lago de Atitlán;ac_192;si;otra;Municipalidad;si;08/26/2025 20:40:44.924;08/26/2025 20:40:44.924;-91.30868;14.717065
Nahuala;8/26/2025 18:00;09:22;;Altiplano Central;rumcla;Reserva de usos múltiples de la Cuenca del Lago de Atitlán;ac_192;no;;;no;08/26/2025 21:51:50.481;08/26/2025 21:51:50.481;-91.32133167;14.85266333
Santiago Atitlán;8/26/2025 18:00;08:04;16:32;Altiplano Central;rumcla;Reserva de usos múltiples de la Cuenca del Lago de Atitlán;ac_192;no;;;no;08/26/2025 22:33:39.923;08/26/2025 22:33:39.923;-91.23356773;14.62001682
Santa Maria Visitación;8/26/2025 18:00;09:00;15:50;Altiplano Central;rumcla;Reserva de usos múltiples de la Cuenca del Lago de Atitlán;ac_192;no;;;no;08/26/2025 23:33:36.479;08/26/2025 23:33:36.479;-91.30975713;14.71649807
Santa Lucia Utatlán;8/26/2025 18:00;10:00;16:15;Altiplano Central;rumcla;Reserva de usos múltiples de la Cuenca del Lago de Atitlán;ac_190;no;;;no;08/27/2025 03:07:50.804;08/27/2025 03:07:50.804;-91.26767667;14.77643333
Santiago Atitlán;8/26/2025 18:00;08:00;16:30;Altiplano Central;rumcla;Reserva de usos múltiples de la Cuenca del Lago de Atitlán;ac_192;si;otra;Viveristas Municipal;no;08/27/2025 04:22:10.707;08/27/2025 04:22:10.707;-91.2393266;14.622898
Santa Catarina Palopó;8/25/2025 18:00;08:15;;Altiplano Central;rumcla;Reserva de usos múltiples de la Cuenca del Lago de Atitlán;ac_192;no;;;no;08/27/2025 14:12:15.286;08/27/2025 14:12:15.286;-91.1369512;14.7239822
San José Chacaya;08/27/2025 15:04:03.322;09:04;;Altiplano Central;rumcla;Reserva de usos múltiples de la Cuenca del Lago de Atitlán;ac_192;no;;;no;08/27/2025 16:52:33.069;08/27/2025 16:52:33.069;-91.21423342;14.76930315
Santa Clara La Laguna;08/27/2025 15:14:37.557;09:14;15:49;Altiplano Central;rumcla;Reserva de usos múltiples de la Cuenca del Lago de Atitlán;ac_192;no;;;no;08/27/2025 21:51:08.435;08/27/2025 21:51:08.435;-91.29646987;14.71233466
Santa Catarina Palopó;8/27/2025 18:00;08:09;16:12;Altiplano Central;rumcla;Reserva de usos múltiples de la Cuenca del Lago de Atitlán;ac_192;no;;;no;08/27/2025 22:04:13.550;08/27/2025 22:04:13.550;-91.13531588;14.7222129
Santiago Atitlán;8/27/2025 18:00;08:00;16:30;Altiplano Central;rumcla;Reserva de usos múltiples de la Cuenca del Lago de Atitlán;ac_192;si;otra;Un Guarda Recurso Municipal;no;08/27/2025 22:48:04.775;08/27/2025 22:48:04.775;-91.2312115;14.6280402
Santiago Atitlán;8/27/2025 18:00;08:00;04:55;Altiplano Central;rumcla;Reserva de usos múltiples de la Cuenca del Lago de Atitlán;ac_192;si;otra;Guardarecursos munisipal;no;08/27/2025 22:59:30.516;08/27/2025 22:59:30.516;-91.23583626;14.62297788
San Lucas Tolimán;8/27/2025 18:00;22:20;;Altiplano Central;rumcla;Reserva de usos múltiples de la Cuenca del Lago de Atitlán;ac_192;no;;;no;08/28/2025 00:44:50.227;08/28/2025 00:44:50.227;-91.1405435;14.63344543
Santiago Atitlán;8/27/2025 18:00;08:00;;Altiplano Central;rumcla;Reserva de usos múltiples de la Cuenca del Lago de Atitlán;ac_192;si;otra;Guardarecurdos de la municipalodad;no;08/28/2025 02:32:25.576;08/28/2025 02:32:25.576;-91.23585833;14.62109333
Santa Clara La Laguna;8/28/2025 18:00;09:06;14:47;Altiplano Central;rumcla;Reserva de usos múltiples de la Cuenca del Lago de Atitlán;ac_192;no;;;no;08/28/2025 20:49:14.831;08/28/2025 20:49:14.831;-91.3109397;14.73055955
San Andres Semetabaj;08/28/2025 16:36:14.458;08:00;16:30;Altiplano Central;;Reserva de usos múltiples de la Cuenca del Lago de Atitlán;ac_192;no;;;no;08/28/2025 22:02:37.518;08/28/2025 22:02:37.518;-91.13151398;14.74115997
Acatenango;8/28/2025 18:00;08:00;16:32;Altiplano Central;fuera;Cerro el cipreson aldea los planes acatenango;ac_190;no;;;no;08/28/2025 22:20:01.850;08/28/2025 22:20:01.850;-90.90910833;14.56931
Tecpan;8/28/2025 18:00;08:17;16:47;Altiplano Central;fuera;Parque Regional Municipal, Astillero Municipal de Tecpan.;ac_192;no;;;no;08/28/2025 22:50:53.123;08/28/2025 22:50:53.123;-91.00115;14.78231333
Tecpan;8/28/2025 18:00;08:00;04:00;Altiplano Central;fuera;Parque regional astillero municipal  Tecpan;ac_192;no;;;no;08/28/2025 23:37:13.169;08/28/2025 23:37:13.169;-90.99623041;14.78205392
Parramos/Poaquil;8/28/2025 18:00;20:00;16:30;Altiplano Central;fuera;Reserva de usos múltiples de la Cuenca del Lago de Atitlán;ac_192;no;;;no;08/29/2025 01:02:42.553;08/29/2025 01:02:42.553;-90.794895;14.60120333
Santa Lucia Utatlán;8/28/2025 18:00;09:00;04:15;Altiplano Central;rumcla;Reserva de usos múltiples de la Cuenca del Lago de Atitlán;ac_192;no;;;no;08/29/2025 03:14:17.367;08/29/2025 03:14:17.367;0;0
San José Chacaya;8/29/2025 18:00;08:36;13:35;Altiplano Central;rumcla;Reserva de usos múltiples de la Cuenca del Lago de Atitlán;ac_192;no;;;no;08/29/2025 19:32:09.032;08/29/2025 19:32:09.032;-91.2151406;14.7716774
Panajachel;8/29/2025 18:00;08:40;14:05;Altiplano Central;rumcla;Reserva de usos múltiples de la Cuenca del Lago de Atitlán;ac_192;no;;;no;08/29/2025 20:23:54.215;08/29/2025 20:23:54.215;-91.1169373;14.6919982
Santiago Atitlán;8/29/2025 18:00;08:05;04:26;Altiplano Central;rumcla;Reserva de usos múltiples de la Cuenca del Lago de Atitlán;ac_192;si;otra;Guardarecursos munisipal;no;08/29/2025 22:10:20.421;08/29/2025 22:10:20.421;-91.23438869;14.62479669
Santiago Atitlán;8/29/2025 18:00;08:00;16:30;Altiplano Central;rumcla;Reserva de usos múltiples de la Cuenca del Lago de Atitlán;ac_192;si;otra;Guardarrcursos municipal;no;08/29/2025 23:05:27.857;08/29/2025 23:05:27.857;-91.283485;14.63178333
Santa Clara La Laguna;8/29/2025 18:00;08:10;;Altiplano Central;rumcla;Reserva de usos múltiples de la Cuenca del Lago de Atitlán;ac_192;no;;;no;08/29/2025 23:28:02.273;08/29/2025 23:28:02.273;-91.31652956;14.73955819
Tecpan;8/29/2025 18:00;08:00;16:00;Altiplano Central;fuera;Parque arqueologico Iximche;ac_192;no;;;no;08/29/2025 23:41:20.339;08/29/2025 23:41:20.339;-90.99675642;14.73601058
Panajachel;9/1/2025 18:00;09:01;14:37;Altiplano Central;rumcla;Reserva de usos múltiples de la Cuenca del Lago de Atitlán;ac_192;no;;;no;09/01/2025 20:38:53.906;09/01/2025 20:38:53.906;-91.1612873;14.7429807
Acatenango;9/1/2025 18:00;08:00;16:30;Altiplano Central;fuera;Montaña el soco san antonio nejapa acatenango;ac_190;no;;;no;09/01/2025 21:33:32.046;09/01/2025 21:33:32.046;-90.90918833;14.58329833
San José Chacaya;09/01/2025 15:13:56.295;09:14;;Altiplano Central;rumcla;Reserva de usos múltiples de la Cuenca del Lago de Atitlán;ac_192;no;;;no;09/01/2025 22:03:19.787;09/01/2025 22:03:19.787;-91.2146264;14.7718137
San Andres Semetabaj;09/01/2025 22:18:03.773;08:00;16:30;Altiplano Central;rumcla;Reserva de usos múltiples de la Cuenca del Lago de Atitlán;ac_192;no;;;no;09/02/2025 02:29:33.493;09/02/2025 02:29:33.493;-91.13152706;14.74104472
Santiago Atitlán;8/28/2025 18:00;08:00;09:10;Altiplano Central;rumcla;Reserva de usos múltiples de la Cuenca del Lago de Atitlán;ac_192;no;;;no;09/02/2025 13:15:33.806;09/02/2025 13:15:33.806;-91.2294083;14.6262284
Santa Lucia Utatlán;09/02/2025 16:18:57.945;08:30;04:15;Altiplano Central;rumcla;Reserva de usos múltiples de la Cuenca del Lago de Atitlán;ac_192;no;;;no;09/02/2025 22:24:26.705;09/02/2025 22:24:26.705;-91.29143833;14.77305167
Santiago Atitlán;9/2/2025 18:00;07:00;;Altiplano Central;rumcla;Reserva de usos múltiples de la Cuenca del Lago de Atitlán;ac_192;si;otra;Guarda Recursos Municipal;no;09/02/2025 22:58:16.271;09/02/2025 22:58:16.271;-91.23187322;14.62706585
Santiago Atitlán;9/2/2025 18:00;08:00;16:30;Altiplano Central;rumcla;Reserva de usos múltiples de la Cuenca del Lago de Atitlán;ac_192;no;;;no;09/02/2025 23:10:35.793;09/02/2025 23:10:35.793;-91.24656833;14.61228
Santiago Atitlán;9/2/2025 18:00;07:05;04:30;Altiplano Central;rumcla;Reserva de usos múltiples de la Cuenca del Lago de Atitlán;ac_192;si;otra;Guardarecursos munisipal;no;09/03/2025 00:51:02.603;09/03/2025 00:51:02.603;-91.23196831;14.62712006
Santa Maria Visitación;8/27/2025 18:00;06:46;16:06;Altiplano Central;rumcla;Reserva de usos múltiples de la Cuenca del Lago de Atitlán;ac_192;no;;;no;09/03/2025 15:36:22.251;09/03/2025 15:36:22.251;-91.31389167;14.71151333
Santa Catarina Palopó;8/29/2025 18:00;08:15;;Altiplano Central;rumcla;Reserva de usos múltiples de la Cuenca del Lago de Atitlán;ac_192;no;;;no;09/03/2025 17:37:47.504;09/03/2025 17:37:47.504;-91.13532392;14.72218964
San José Chacaya;9/3/2025 18:00;06:47;11:48;Altiplano Central;fuera;Reserva de usos múltiples de la Cuenca del Lago de Atitlán;ac_191;si;ocret;;no;09/03/2025 17:54:37.321;09/03/2025 17:54:37.321;-91.18374923;14.76702815
Santa Clara La Laguna;8/29/2025 18:00;09:31;12:02;Altiplano Central;rumcla;Reserva de usos múltiples de la Cuenca del Lago de Atitlán;ac_192;no;;;no;09/03/2025 18:03:00.819;09/03/2025 18:03:00.819;-91.29957682;14.75498465
San Pedro La Laguna;09/04/2025 15:11:02.122;08:06;00:52;Altiplano Central;rumcla;Reserva de usos múltiples de la Cuenca del Lago de Atitlán;ac_192;no;;;no;09/04/2025 18:54:46.778;09/04/2025 18:54:46.778;-91.2737349;14.6898427
Acatenango;9/4/2025 18:00;08:06;16:21;Altiplano Central;fuera;Montaña el Soco san antonio nejapa;ac_192;si;otra;Cocode san antionio nejapa;no;09/04/2025 19:24:52.899;09/04/2025 19:24:52.899;-90.938725;14.56820833
San Antonio Palopó;9/4/2025 18:00;08:30;14:55;Altiplano Central;rumcla;Reserva de usos múltiples de la Cuenca del Lago de Atitlán;ac_192;no;;;no;09/04/2025 21:24:26.858;09/04/2025 21:24:26.858;0;0
San Andres Semetabaj;9/4/2025 18:00;08:30;04:30;Altiplano Central;rumcla;Reserva de usos múltiples de la Cuenca del Lago de Atitlán;ac_192;no;;;no;09/04/2025 23:07:23.316;09/04/2025 23:07:23.316;-91.1345524;14.7469583
Santa Maria Visitación;9/4/2025 18:00;09:00;17:19;Altiplano Central;rumcla;Reserva de usos múltiples de la Cuenca del Lago de Atitlán;ac_192;no;;;no;09/04/2025 23:20:46.194;09/04/2025 23:20:46.194;-91.30872417;14.71694596
Santa Clara La Laguna;09/05/2025 00:51:22.958;08:00;16:33;Altiplano Central;rumcla;Reserva de usos múltiples de la Cuenca del Lago de Atitlán;ac_192;no;;;no;09/05/2025 00:53:37.072;09/05/2025 00:53:37.072;-91.30606374;14.74542842
Tecpan;9/4/2025 18:00;08:16;16:36;Altiplano Central;fuera;Parque Arqueologico IXIMCHE;ac_192;no;;;no;09/05/2025 01:33:50.635;09/05/2025 01:33:50.635;-90.99700333;14.73710333
Santiago Atitlán;9/4/2025 18:00;08:00;04:30;Altiplano Central;rumcla;Reserva de usos múltiples de la Cuenca del Lago de Atitlán;ac_192;no;;;no;09/05/2025 01:47:55.690;09/05/2025 01:47:55.690;-91.22453451;14.6017386
Santiago Atitlán;9/4/2025 18:00;08:00;16:30;Altiplano Central;rumcla;Reserva de usos múltiples de la Cuenca del Lago de Atitlán;ac_192;si;otra;Guarda Recursos Municipal;no;09/05/2025 02:52:18.346;09/05/2025 02:52:18.346;-91.2393266;14.6221695
Acatenango;8/19/2025 18:00;08:05;16:29;Altiplano Central;fuera;Reserva de usos múltiples de la Cuenca del Lago de Atitlán;ac_190;no;;;no;09/05/2025 14:30:50.829;09/05/2025 14:30:50.829;-90.94501482;14.58531823
Acatenango;8/20/2025 18:00;08:12;16:35;Altiplano Central;fuera;Reserva de usos múltiples de la Cuenca del Lago de Atitlán;ac_189;no;;;no;09/05/2025 14:30:57.932;09/05/2025 14:30:57.932;-90.93455429;14.5535688
Acatenango;8/21/2025 18:00;08:06;16:53;Altiplano Central;fuera;Reserva de usos múltiples de la Cuenca del Lago de Atitlán;ac_191;no;;;no;09/05/2025 14:31:06.211;09/05/2025 14:31:06.211;-90.92061007;14.58073669
Acatenango;8/22/2025 18:00;08:10;04:48;Altiplano Central;fuera;Reserva de usos múltiples de la Cuenca del Lago de Atitlán;ac_191;no;;;no;09/05/2025 14:31:10.446;09/05/2025 14:31:10.446;-90.94244443;14.57722052
Acatenango;8/25/2025 18:00;08:04;16:52;Altiplano Central;fuera;Reserva de usos múltiples de la Cuenca del Lago de Atitlán;ac_190;no;;;no;09/05/2025 14:31:15.997;09/05/2025 14:31:15.997;-90.92095139;14.57894669
Acatenango;8/28/2025 18:00;08:16;16:38;Altiplano Central;fuera;Reserva de usos múltiples de la Cuenca del Lago de Atitlán;ac_190;no;;;no;09/05/2025 14:31:20.822;09/05/2025 14:31:20.822;-90.92554383;14.56262415
Acatenango;8/29/2025 18:00;08:15;16:31;Altiplano Central;fuera;Reserva de usos múltiples de la Cuenca del Lago de Atitlán;ac_190;no;;;no;09/05/2025 14:31:24.366;09/05/2025 14:31:24.366;-90.92354961;14.57790063
Acatenango;9/1/2025 18:00;08:17;16:52;Altiplano Central;fuera;Reserva de usos múltiples de la Cuenca del Lago de Atitlán;ac_191;no;;;no;09/05/2025 14:31:32.256;09/05/2025 14:31:32.256;0;0
Acatenango;9/5/2025 18:00;20:00;16:30;Altiplano Central;fuera;Astllero de san antonio nejapa acatenango;ac_192;no;;;si;09/05/2025 20:23:33.146;09/05/2025 20:23:33.146;-90.92482167;14.575765
Santa Clara La Laguna;09/05/2025 15:35:13.350;09:35;14:59;Altiplano Central;rumcla;Reserva de usos múltiples de la Cuenca del Lago de Atitlán;ac_192;no;;;no;09/05/2025 21:01:19.859;09/05/2025 21:01:19.859;-91.32306028;14.69158229
Nahuala;9/5/2025 18:00;09:07;15:05;Altiplano Central;rumcla;Reserva de usos múltiples de la Cuenca del Lago de Atitlán;ac_192;no;;;no;09/05/2025 22:12:28.926;09/05/2025 22:12:28.926;-91.31450548;14.85413508
SanJuan La Laguna;09/05/2025 15:07:25.952;08:39;16:14;Altiplano Central;rumcla;Reserva de usos múltiples de la Cuenca del Lago de Atitlán;ac_192;no;;;si;09/05/2025 22:20:57.123;09/05/2025 22:20:57.123;-91.28697333;14.69556167
Santa Clara La Laguna;9/5/2025 18:00;08:00;16:30;Altiplano Central;rumcla;Reserva de usos múltiples de la Cuenca del Lago de Atitlán;ac_192;no;;;si;09/05/2025 22:35:25.844;09/05/2025 22:35:25.844;-91.31347237;14.73552242
Parramos;9/5/2025 18:00;08:42;16:53;Altiplano Central;fuera;Area protejida parramos chimaltenango;ac_192;no;;;no;09/05/2025 22:53:59.544;09/05/2025 22:53:59.544;-90.80705;14.6009072
Santa Catarina Palopó;9/5/2025 18:00;09:00;16:16;Altiplano Central;rumcla;Reserva de usos múltiples de la Cuenca del Lago de Atitlán;ac_192;no;;;no;09/05/2025 23:09:00.842;09/05/2025 23:09:00.842;-91.13539978;14.7232764
Tecpan;9/5/2025 18:00;08:00;16:00;Altiplano Central;fuera;Parque arqueologico Iximche;ac_192;no;;;no;09/06/2025 01:29:18.819;09/06/2025 01:29:18.819;-90.99724809;14.73604859
San José Chacaya;9/8/2025 18:00;09:06;13:39;Altiplano Central;rumcla;Reserva de usos múltiples de la Cuenca del Lago de Atitlán;ac_192;no;;;no;09/08/2025 20:39:39.242;09/08/2025 20:39:39.242;-91.214613;14.7718622
Acatenango;9/8/2025 18:00;08:08;15:15;Altiplano Central;fuera;Montaña el SOCO san antonio nejapa acatenango;ac_192;no;;;no;09/08/2025 21:11:41.970;09/08/2025 21:11:41.970;-90.92807333;14.571425
Santa Catarina Palopó;9/8/2025 18:00;08:22;;Altiplano Central;rumcla;Reserva de usos múltiples de la Cuenca del Lago de Atitlán;ac_192;no;;;no;09/08/2025 22:22:57.847;09/08/2025 22:22:57.847;0;0
San Andres Semetabaj;9/8/2025 18:00;08:00;04:30;Altiplano Central;rumcla;Reserva de usos múltiples de la Cuenca del Lago de Atitlán;ac_192;no;;;no;09/08/2025 23:00:09.447;09/08/2025 23:00:09.447;-91.13439931;14.74624672
Sololá;9/8/2025 18:00;08:15;17:01;Altiplano Central;rumcla;Reserva de usos múltiples de la Cuenca del Lago de Atitlán;ac_192;no;;;no;09/08/2025 23:01:53.053;09/08/2025 23:01:53.053;0;0
Santa Clara La Laguna;9/8/2025 18:00;08:00;16:32;Altiplano Central;rumcla;Reserva de usos múltiples de la Cuenca del Lago de Atitlán;ac_190;no;;;no;09/08/2025 23:03:39.911;09/08/2025 23:03:39.911;-91.32683689;14.73638928
San Lucas Tolimán;9/4/2025 18:00;20:31;;Altiplano Central;rumcla;Reserva de usos múltiples de la Cuenca del Lago de Atitlán;ac_192;no;;;no;09/08/2025 23:54:59.343;09/08/2025 23:54:59.343;-91.13125039;14.62481833
San Lucas Tolimán;9/8/2025 18:00;08:45;;Altiplano Central;rumcla;Reserva de usos múltiples de la Cuenca del Lago de Atitlán;ac_192;si;otra;Guardarecursos carlos iliberto chiroy;no;09/08/2025 23:55:07.311;09/08/2025 23:55:07.311;-91.1427101;14.63359758
Panajachel;9/8/2025 18:00;08:47;13:45;Altiplano Central;rumcla;Reserva de usos múltiples de la Cuenca del Lago de Atitlán;ac_192;no;;;no;09/09/2025 00:48:07.650;09/09/2025 00:48:07.650;-91.1519015;14.7398048
Parramos;9/8/2025 18:00;08:31;16:50;Altiplano Central;fuera;Astillero parramos chimaltenango;ac_192;no;;;no;09/09/2025 00:51:31.937;09/09/2025 00:51:31.937;-90.8039616;14.6076745
Santa Clara La Laguna;9/8/2025 18:00;09:20;14:51;Altiplano Central;rumcla;Reserva de usos múltiples de la Cuenca del Lago de Atitlán;ac_192;no;;;no;09/09/2025 00:52:59.064;09/09/2025 00:52:59.064;-91.30092961;14.75584194
Santiago Atitlán;9/5/2025 18:00;16:30;08:00;Altiplano Central;rumcla;Reserva de usos múltiples de la Cuenca del Lago de Atitlán;ac_192;si;otra;Guarda Recursos Municipal;no;09/09/2025 15:20:02.890;09/09/2025 15:20:02.890;-91.23025233;14.62721103
Nahuala;9/9/2025 18:00;09:00;14:20;Altiplano Central;rumcla;Reserva de usos múltiples de la Cuenca del Lago de Atitlán;ac_192;no;;;no;09/09/2025 21:24:32.200;09/09/2025 21:24:32.200;-91.31631528;14.85395731
Sololá;9/9/2025 18:00;08:21;16:19;Altiplano Central;rumcla;Reserva de usos múltiples de la Cuenca del Lago de Atitlán;ac_192;no;;;no;09/09/2025 22:21:59.204;09/09/2025 22:21:59.204;-91.1827437;14.7668572
Parramos;9/9/2025 18:00;08:30;;Altiplano Central;fuera;Area protejida parramos chimaltenango;ac_192;no;;;no;09/09/2025 22:40:39.777;09/09/2025 22:40:39.777;-90.8569394;14.5637853
Tecpan;9/9/2025 18:00;07:30;16:49;Altiplano Central;fuera;Parque Regional Municipal. Astillero de Tecpan;ac_192;si;otra;Guarda bosque Municipal.;no;09/09/2025 22:51:08.458;09/09/2025 22:51:08.458;-90.99337333;14.77537
Panajachel;9/9/2025 18:00;08:45;14:20;Altiplano Central;rumcla;Reserva de usos múltiples de la Cuenca del Lago de Atitlán;ac_192;no;;;no;09/10/2025 00:18:33.397;09/10/2025 00:18:33.397;-91.1613111;14.7429802
Santiago Atitlán;9/9/2025 18:00;08:00;16:30;Altiplano Central;rumcla;Reserva de usos múltiples de la Cuenca del Lago de Atitlán;ac_192;no;;;no;09/10/2025 01:10:16.327;09/10/2025 01:10:16.327;-91.23058392;14.59817578
Santa Clara La Laguna;9/10/2025 18:00;09:09;11:50;Altiplano Central;rumcla;Reserva de usos múltiples de la Cuenca del Lago de Atitlán;ac_192;no;;;no;09/10/2025 21:05:30.367;09/10/2025 21:05:30.367;-91.30337361;14.72298381
Santiago Atitlán;9/10/2025 18:00;08:00;16:37;Altiplano Central;rumcla;Reserva de usos múltiples de la Cuenca del Lago de Atitlán;ac_192;si;otra;Guardarecursos munisipal;si;09/10/2025 22:40:45.567;09/10/2025 22:40:45.567;0;0
San Andres Semetabaj;9/10/2025 18:00;08:00;04:30;Altiplano Central;rumcla;Reserva de usos múltiples de la Cuenca del Lago de Atitlán;ac_192;no;;;no;09/10/2025 22:41:36.374;09/10/2025 22:41:36.374;-91.12935667;14.73844315
Tecpan;9/10/2025 18:00;08:00;16:00;Altiplano Central;fuera;Parque regional astillero municipal Tecpan;ac_192;no;;;no;09/10/2025 23:05:15.946;09/10/2025 23:05:15.946;-90.99478056;14.77433347
Parramos;9/10/2025 18:00;09:00;16:40;Altiplano Central;fuera;Area protejida parramos chimaltenango;ac_192;no;;;no;09/11/2025 01:37:08.288;09/11/2025 01:37:08.288;-90.8026197;14.6101304
Santa Clara La Laguna;09/10/2025 14:51:35.952;08:01;16:35;Altiplano Central;rumcla;Reserva de usos múltiples de la Cuenca del Lago de Atitlán;ac_190;no;;;no;09/11/2025 03:09:09.110;09/11/2025 03:09:09.110;0;0
San Lucas Tolimán;09/16/2025 20:02:14.381;;;Altiplano Central;rumcla;Reserva de usos múltiples de la Cuenca del Lago de Atitlán;ac_192;no;;;no;09/16/2025 20:03:47.370;09/16/2025 20:03:47.370;-91.17374333;14.62263167
San Pedro La Laguna;9/16/2025 18:00;08:05;14:30;Altiplano Central;rumcla;Cuenca del Lago Atitlan;ac_192;no;;;no;09/16/2025 20:44:01.083;09/16/2025 20:44:01.083;-91.2742825;14.6904019
San Lucas Tolimán;9/16/2025 18:00;08:35;;Las nubes-la ultima milpa-cono del volcán Tolimán;rumcla;Reserva de usos múltiples de la Cuenca del Lago de Atitlán;ac_192;no;;;no;09/17/2025 00:26:34.740;09/17/2025 00:26:34.740;-91.15146383;14.6267993
Santa Clara La Laguna;9/17/2025 18:00;09:05;14:59;Altiplano Central;rumcla;Reserva de usos múltiples de la Cuenca del Lago de Atitlán;ac_192;no;;;no;09/17/2025 21:02:38.557;09/17/2025 21:02:38.557;-91.31198071;14.73397366
Acatenango;09/17/2025 14:43:55.204;08:20;05:26;Altiplano Central;fuera;Reserva de usos múltiples de la Cuenca del Lago de Atitlán;ac_190;no;;;no;09/17/2025 22:51:48.447;09/17/2025 22:51:48.447;-90.88592274;14.53492296
Tecpan;9/17/2025 18:00;09:00;17:21;Altiplano Central;fuera;Parque regional Astillero municipal Tecpan;ac_192;no;;;no;09/17/2025 23:22:17.205;09/17/2025 23:22:17.205;-90.99291772;14.77307171
San Andres Semetabaj;9/17/2025 18:00;08:00;04:30;Altiplano Central;rumcla;Reserva de usos múltiples de la Cuenca del Lago de Atitlán;ac_192;no;;;no;09/17/2025 23:38:51.043;09/17/2025 23:38:51.043;-91.13444562;14.74623203
Acatenango;9/8/2025 18:00;08:20;04:27;Altiplano Central;fuera;Reserva de usos múltiples de la Cuenca del Lago de Atitlán;ac_190;no;;;no;09/18/2025 02:08:25.772;09/18/2025 02:08:25.772;-90.92309514;14.57775503
Santiago Atitlán;9/18/2025 18:00;08:00;04:30;Altiplano Central;rumcla;Reserva de usos múltiples de la Cuenca del Lago de Atitlán;ac_192;no;;;no;09/18/2025 22:27:54.668;09/18/2025 22:27:54.668;-91.23448465;14.62468236
Acatenango;09/18/2025 17:08:21.574;08:08;16:50;Altiplano Central;fuera;Reserva de usos múltiples de la Cuenca del Lago de Atitlán;ac_192;no;;;no;09/18/2025 22:44:50.498;09/18/2025 22:44:50.498;-90.91531112;14.58037748
Santa Clara La Laguna;9/18/2025 18:00;08:10;04:31;Altiplano Central;rumcla;Reserva de usos múltiples de la Cuenca del Lago de Atitlán;ac_190;no;;;no;09/18/2025 22:51:02.157;09/18/2025 22:51:02.157;0;0
San Lucas Tolimán;9/18/2025 18:00;08:38;16:00;Altiplano Central;rumcla;Reserva de usos múltiples de la Cuenca del Lago de Atitlán;ac_192;no;;;no;09/18/2025 23:25:11.263;09/18/2025 23:25:11.263;-91.14894145;14.61762735
Santa Catarina Palopó;9/18/2025 18:00;08:25;16:32;Altiplano Central;rumcla;Reserva de usos múltiples de la Cuenca del Lago de Atitlán;ac_192;no;;;no;09/18/2025 23:33:12.668;09/18/2025 23:33:12.668;-91.1340768;14.7224515
Acatenango;9/18/2025 18:00;08:00;16:30;Altiplano Central;fuera;Astillero san antonio nejapa acatenango;ac_192;no;;;no;09/18/2025 23:33:46.559;09/18/2025 23:33:46.559;-90.92741667;14.573105
Tecpan;9/18/2025 18:00;09:00;17:38;Altiplano Central;fuera;Parque regional astillero municipal Tecpan;ac_192;no;;;no;09/18/2025 23:39:36.076;09/18/2025 23:39:36.076;-91.00294892;14.76094317
San Andres Semetabaj;9/18/2025 18:00;08:00;16:30;Altiplano Central;rumcla;Reserva de usos múltiples de la Cuenca del Lago de Atitlán;ac_192;no;;;no;09/19/2025 00:36:39.238;09/19/2025 00:36:39.238;-91.1312543;14.7418709
Santiago Atitlán;9/17/2025 18:00;08:15;;Altiplano Central;rumcla;Reserva de usos múltiples de la Cuenca del Lago de Atitlán;ac_192;no;;;no;09/19/2025 00:39:32.348;09/19/2025 00:39:32.348;-91.23415603;14.62496941
Santiago Atitlán;9/18/2025 18:00;08:10;16:30;Altiplano Central;rumcla;Reserva de usos múltiples de la Cuenca del Lago de Aiitlán;ac_192;no;;;no;09/19/2025 00:43:45.770;09/19/2025 00:43:45.770;-91.23289263;14.62611141
Santa Clara La Laguna;9/19/2025 18:00;09:27;14:45;Altiplano Central;rumcla;Reserva de usos múltiples de la Cuenca del Lago de Atitlán;ac_192;no;;;no;09/19/2025 20:45:56.994;09/19/2025 20:45:56.994;-91.31202527;14.73421804
Nahuala;9/19/2025 18:00;08:34;14:23;Altiplano Central;rumcla;Reserva de usos múltiples de la Cuenca del Lago de Atitlán;ac_192;no;;;no;09/19/2025 22:00:19.856;09/19/2025 22:00:19.856;-91.31636188;14.85399754
Santiago Atitlán;9/19/2025 18:00;08:00;04:25;Altiplano Central;rumcla;Reserva de usos múltiples de la Cuenca del Lago de Atitlán;ac_192;no;;;no;09/19/2025 22:17:11.052;09/19/2025 22:17:11.052;-91.23090368;14.62304186
Tecpan;9/19/2025 18:00;08:17;16:40;Altiplano Central;fuera;Parque Regional Municipal Astillero de Tecpan.;ac_192;no;;;no;09/19/2025 22:43:50.716;09/19/2025 22:43:50.716;-91.01795667;14.75825333
Santa Maria Visitación;9/19/2025 18:00;09:00;;Altiplano Central;rumcla;Reserva de usos múltiples de la Cuenca del Lago de Atitlán;ac_192;no;;;no;09/19/2025 23:04:04.184;09/19/2025 23:04:04.184;-91.30979151;14.71657245
San Marcos La Laguna;09/19/2025 16:07:21.657;08:01;;Altiplano Central;;Reserva de usos múltiples de la Cuenca del Lago de Atitlán;ac_192;no;;;no;09/19/2025 23:25:43.499;09/19/2025 23:25:43.499;-91.254805;14.72842667
Tecpan;9/19/2025 18:00;08:54;;Altiplano Central;fuera;Parque regional astillero municipal;ac_192;no;;;no;09/20/2025 01:20:38.853;09/20/2025 01:20:38.853;-91.0182927;14.75825361
Santa Lucia Utatlán;8/26/2025 18:00;09:00;;Altiplano Central;rumcla;Reserva de usos múltiples de la Cuenca del Lago de Atitlán;ac_192;no;;;no;09/22/2025 16:02:11.742;09/22/2025 16:02:11.742;-91.26749833;14.77661167
Santa Lucia Utatlán;8/28/2025 18:00;09:00;16:00;Altiplano Central;rumcla;Reserva de usos múltiples de la Cuenca del Lago de Atitlán;ac_192;no;;;no;09/22/2025 16:02:14.528;09/22/2025 16:02:14.528;-91.252745;14.77807167
Santa Lucia Utatlán;9/2/2025 18:00;08:30;14:00;Altiplano Central;rumcla;Reserva de usos múltiples de la Cuenca del Lago de Atitlán;ac_192;no;;;no;09/22/2025 16:02:19.948;09/22/2025 16:02:19.948;-91.29223833;14.77136667
Santa Lucia Utatlán;9/9/2025 18:00;08:44;14:00;Altiplano Central;rumcla;Reserva de usos múltiples de la Cuenca del Lago de Atitlán;ac_192;no;;;no;09/22/2025 16:02:24.511;09/22/2025 16:02:24.511;-91.296825;14.78076833
Santa Lucia Utatlán;9/16/2025 18:00;08:30;13:00;Altiplano Central;rumcla;Reserva de usos múltiples de la Cuenca del Lago de Atitlán;ac_192;no;;;no;09/22/2025 16:02:27.254;09/22/2025 16:02:27.254;-91.24921167;14.75915667
Santa Lucia Utatlán;9/18/2025 18:00;09:02;13:00;Altiplano Central;rumcla;Reserva de usos múltiples de la Cuenca del Lago de Atitlán;ac_192;no;;;no;09/22/2025 16:02:29.525;09/22/2025 16:02:29.525;-91.273935;14.76701
Santiago Atitlán;9/19/2025 18:00;08:10;16:30;Altiplano Central;rumcla;Reserva de usos múltiples de la Cuenca del Lago de Atitlán;ac_192;no;;;no;09/22/2025 19:00:48.586;09/22/2025 19:00:48.586;-91.2306104;14.6280433
Santa Clara La Laguna;9/22/2025 18:00;09:15;15:01;Altiplano Central;rumcla;Reserva de usos múltiples de la Cuenca del Lago de Atitlán;ac_192;no;;;no;09/22/2025 21:04:26.331;09/22/2025 21:04:26.331;-91.30388998;14.70918137
Sololá;9/22/2025 18:00;08:21;16:08;Altiplano Central;rumcla;Reserva de usos múltiples de la Cuenca del Lago de Atitlán;ac_192;no;;;no;09/22/2025 22:16:04.577;09/22/2025 22:16:04.577;-91.1827483;14.7668567
San Antonio Palopó;9/22/2025 18:00;08:46;14:32;Altiplano Central;rumcla;Reserva de usos múltiples de la Cuenca del Lago de Atitlán;ac_192;no;;;no;09/22/2025 22:26:00.369;09/22/2025 22:26:00.369;-91.11711385;14.65005085
Santa Clara La Laguna;9/22/2025 18:00;08:13;;Altiplano Central;rumcla;Reserva de usos múltiples de la Cuenca del Lago de Atitlán;ac_190;no;;;no;09/22/2025 22:33:49.019;09/22/2025 22:33:49.019;-91.30227569;14.7547086
Santiago Atitlán;9/22/2025 18:00;08:00;16:38;Altiplano Central;rumcla;Reserva de usos múltiples de la Cuenca del Lago de Atitlán;ac_192;no;;;no;09/22/2025 22:40:40.096;09/22/2025 22:40:40.096;-91.2311441;14.62315965
Santa Maria Visitación;9/22/2025 18:00;09:00;03:30;Altiplano Central;rumcla;Reserva de usos múltiples de la Cuenca del Lago de Atitlán;ac_192;no;;;no;09/22/2025 23:03:59.373;09/22/2025 23:03:59.373;-91.30982383;14.71648442
Panajachel;9/22/2025 18:00;08:36;14:18;Altiplano Central;rumcla;Reserva de usos múltiples de la Cuenca del Lago de Atitlán;ac_192;no;;;no;09/22/2025 23:27:40.479;09/22/2025 23:27:40.479;-91.1537463;14.7457704
San Andres Semetabaj;9/22/2025 18:00;08:00;16:44;Altiplano Central;rumcla;Reserva de usos múltiples de la Cuenca del Lago de Atitlán;ac_192;no;;;si;09/22/2025 23:45:48.251;09/22/2025 23:45:48.251;-91.13438222;14.74619328
Tecpan;9/22/2025 18:00;08:29;17:00;Altiplano Central;fuera;Parque regional astillero municipal Tecpan Chimaltenango;ac_192;no;;;no;09/23/2025 00:53:50.842;09/23/2025 00:53:50.842;-91.01362965;14.76649935
Santiago Atitlán;9/22/2025 18:00;08:05;16:30;Altiplano Central;rumcla;Reserva de usos múltiples de la Cuenca del Lago de Atitlán;ac_192;no;;;no;09/23/2025 14:41:52.170;09/23/2025 14:41:52.170;0;0
Santa Catarina Palopó;9/22/2025 18:00;08:42;16:13;Altiplano Central;rumcla;Reserva de usos múltiples de la Cuenca del Lago de Atitlán;ac_192;no;;;no;09/23/2025 18:32:39.564;09/23/2025 18:32:39.564;-91.14137582;14.72864161
Acatenango;9/23/2025 18:00;08:00;04:30;Altiplano Central;fuera;Montaña el Soco san antonio nejapa acatenango;ac_192;no;;;no;09/23/2025 19:32:41.681;09/23/2025 19:32:41.681;-90.92356333;14.57787167
Santa Clara La Laguna;9/23/2025 18:00;08:10;04:25;Altiplano Central;rumcla;Reserva de usos múltiples de la Cuenca del Lago de Atitlán;ac_191;no;;;no;09/23/2025 21:19:35.089;09/23/2025 21:19:35.089;-91.30027398;14.71453924
Nahuala;9/23/2025 18:00;09:14;13:35;Altiplano Central;rumcla;Reserva de usos múltiples de la Cuenca del Lago de Atitlán;ac_192;no;;;no;09/23/2025 21:37:08.962;09/23/2025 21:37:08.962;-91.31747628;14.83457172
Santa Maria Visitación;9/8/2025 18:00;09:17;09:17;Altiplano Central;rumcla;Reserva de usos múltiples de la Cuenca del Lago de Atitlán;ac_192;no;;;no;09/23/2025 21:41:17.597;09/23/2025 21:41:17.597;-91.3302;14.73339333
Santa Maria Visitación;9/9/2025 18:00;09:07;09:07;Altiplano Central;rumcla;Reserva de usos múltiples de la Cuenca del Lago de Atitlán;ac_192;no;;;si;09/23/2025 21:41:19.183;09/23/2025 21:41:19.183;-91.30999167;14.71668833
Santa Maria Visitación;09/16/2025 16:46:55.102;08:47;;Altiplano Central;rumcla;Reserva de usos múltiples de la Cuenca del Lago de Atitlán;ac_192;no;;;no;09/23/2025 21:41:22.327;09/23/2025 21:41:22.327;-91.32144333;14.70792667
Santa Maria Visitación;9/4/2025 18:00;09:29;15:29;Altiplano Central;rumcla;Reserva de usos múltiples de la Cuenca del Lago de Atitlán;ac_192;no;;;no;09/23/2025 21:41:25.414;09/23/2025 21:41:25.414;-91.3087727;14.7170592
Panajachel;9/23/2025 18:00;10:37;14:12;Altiplano Central;rumcla;Reserva de usos múltiples de la Cuenca del Lago de Atitlán;ac_192;no;;;no;09/23/2025 22:15:06.513;09/23/2025 22:15:06.513;-91.1533339;14.7473215
Santiago Atitlán;9/23/2025 18:00;08:01;04:30;Altiplano Central;rumcla;Reserva de usos múltiples de la Cuenca del Lago de Atitlán;ac_192;no;;;no;09/23/2025 22:30:31.411;09/23/2025 22:30:31.411;-91.23110879;14.62334124
San Andres Semetabaj;9/23/2025 18:00;08:00;16:34;Altiplano Central;rumcla;Reserva de usos múltiples de la Cuenca del Lago de Atitlán;ac_192;no;;;no;09/23/2025 22:46:17.076;09/23/2025 22:46:17.076;-91.1312543;14.7418709
Santiago Atitlán;9/23/2025 18:00;08:10;16:38;Altiplano Central;rumcla;Reserva de usos múltiples de la Cuenca del Lago de Atitlán;ac_192;no;;;no;09/24/2025 00:56:18.247;09/24/2025 00:56:18.247;-91.23102011;14.62694478
San Pedro La Laguna;09/23/2025 14:55:20.437;08:00;16:56;Altiplano Central;rumcla;Reserva de usos múltiples de la Cuenca del Lago de Atitlán;ac_192;no;;;no;09/24/2025 01:06:23.545;09/24/2025 01:06:23.545;-91.274022;14.6901082
San Marcos La Laguna;9/23/2025 18:00;08:00;;Altiplano Central;rumcla;Reserva de usos múltiples de la Cuenca del Lago de Atitlán;ac_192;no;;;no;09/24/2025 02:37:43.511;09/24/2025 02:37:43.511;-91.26179833;14.72851667
Santa Maria Visitación;9/23/2025 18:00;09:00;04:38;Altiplano Central;rumcla;Reserva de usos múltiples de la Cuenca del Lago de Atitlán;ac_192;si;otra;Esquilo de CONAP técnicos.;no;09/24/2025 16:39:15.342;09/24/2025 16:39:15.342;-91.30848273;14.71741788
Santa Clara La Laguna;9/24/2025 18:00;08:17;16:30;Altiplano Central;rumcla;Reserva de usos múltiples de la Cuenca del Lago de Atitlán;ac_190;no;;;no;09/24/2025 22:50:15.836;09/24/2025 22:50:15.836;-91.30270188;14.71912487
Tecpan;9/24/2025 18:00;09:00;16:11;Altiplano Central;fuera;Parque arqueologico Iximche Tecpan;ac_192;no;;;no;09/25/2025 00:12:00.048;09/25/2025 00:12:00.048;-90.99702239;14.73615698
Santa Clara La Laguna;9/25/2025 18:00;08:11;;Altiplano Central;;Reserva de usos múltiples de la Cuenca del Lago de Atitlán;ac_190;no;;;no;09/25/2025 22:34:25.050;09/25/2025 22:34:25.050;-91.31208873;14.7340789
San Pedro La Laguna;9/25/2025 18:00;08:00;16:30;Altiplano Central;rumcla;Reserva de usos múltiples de la Cuenca del Lago de Atitlán;ac_192;no;;;no;09/25/2025 22:42:04.722;09/25/2025 22:42:04.722;-91.2741875;14.6903237
San Marcos La Laguna;9/19/2025 18:00;08:01;16:30;Altiplano Central;;Reserva de usos múltiples de la Cuenca del Lago de Atitlán;ac_192;no;;;no;09/25/2025 22:46:16.012;09/25/2025 22:46:16.012;-91.254805;14.72842667
San Marcos La Laguna;9/25/2025 18:00;08:53;16:30;Al1tiplano Central;rumcla;Reserva de usos múltiples de la Cuenca del Lago de Atitlán;ac_192;no;;;no;09/25/2025 22:46:20.663;09/25/2025 22:46:20.663;-91.27278;14.76257167
Santiago Atitlán;9/25/2025 18:00;08:30;04:33;Altiplano Central;rumcla;Reserva de usos múltiples de la Cuenca del Lago de Atitlán;ac_192;no;;;no;09/26/2025 00:03:07.782;09/26/2025 00:03:07.782;-91.2321041;14.6269876
Santiago Atitlán;9/25/2025 18:00;08:05;16:25;Altiplano Central;rumcla;Reserva de usos múltiples de la Cuenca del Lago de Atitlán;ac_192;no;;;no;09/26/2025 03:57:51.441;09/26/2025 03:57:51.441;-91.23028527;14.62716493
Tecpan;9/26/2025 18:00;08:10;16:35;Altiplano Central;fuera;Parque Arqueologico IXIMCHE;ac_192;no;;;no;09/26/2025 23:59:09.832;09/26/2025 23:59:09.832;-90.99624667;14.73573
San Marcos La Laguna;9/26/2025 18:00;08:36;16:30;Altiplano Central;rumcla;Reserva de usos múltiples de la Cuenca del Lago de Atitlán;ac_192;no;;;no;09/27/2025 05:33:09.503;09/27/2025 05:33:09.503;-91.26082667;14.723865
Acatenango;9/29/2025 18:00;08:00;16:30;Altiplano Central;fuera;Por venir y montaña el soco san antonio nejapa acatenango;ac_192;no;;;no;09/29/2025 21:29:44.101;09/29/2025 21:29:44.101;-90.92736167;14.57304333
San Lucas Tolimán;9/29/2025 18:00;10:00;;Altiplano Central;rumcla;Reserva de usos múltiples de la Cuenca del Lago de Atitlán;ac_192;no;;;no;09/29/2025 21:49:32.005;09/29/2025 21:49:32.005;-91.14064384;14.63346135
Panajachel;9/29/2025 18:00;08:46;14:33;Altiplano Central;rumcla;Reserva de usos múltiples de la Cuenca del Lago de Atitlán;ac_192;no;;;no;09/29/2025 22:38:00.717;09/29/2025 22:38:00.717;-91.1326943;14.7631682
Santa Clara La Laguna;09/29/2025 15:06:34.434;08:06;;Altiplano Central;rumcla;Reserva de usos múltiples de la Cuenca del Lago de Atitlán;ac_190;no;;;no;09/29/2025 22:57:41.204;09/29/2025 22:57:41.204;-91.31200212;14.73413436
San Andres Semetabaj;9/29/2025 18:00;08:00;16:30;Altiplano Central;rumcla;Reserva de usos múltiples de la Cuenca del Lago de Atitlán;ac_192;no;;;no;09/29/2025 23:11:35.085;09/29/2025 23:11:35.085;-91.1342526;14.7465953
Parramos;9/29/2025 18:00;10:18;16:45;Altiplano Central;fuera;Area protejida parramos chimaltenango;ac_192;no;;;no;09/29/2025 23:34:42.865;09/29/2025 23:34:42.865;-90.802656;14.6100394
Tecpan;9/29/2025 18:00;08:00;15:00;Parque regional astillero municipal;fuera;Parque regional astillero municipal Tecpan;ac_192;no;;;no;09/30/2025 06:31:39.060;09/30/2025 06:31:39.060;-91.0119081;14.76474794
Santa Catarina Palopó;9/29/2025 18:00;08:20;16:35;Altiplano Central;rumcla;Reserva de usos múltiples de la Cuenca del Lago de Atitlán;ac_192;no;;;no;09/30/2025 15:36:03.899;09/30/2025 15:36:03.899;-91.1780513;14.7638764
Acatenango;9/30/2025 18:00;08:00;16:30;Altiplano Central;fuera;Cerro el cipreson aldea los planes acatenango;ac_192;no;;;no;09/30/2025 21:20:34.647;09/30/2025 21:20:34.647;-90.92837333;14.56387167
Panajachel;9/30/2025 18:00;08:49;13:30;Altiplano Central;rumcla;Reserva de usos múltiples de la Cuenca del Lago de Atitlán;ac_192;no;;;no;09/30/2025 22:19:00.383;09/30/2025 22:19:00.383;-91.1610577;14.7431694
Parramos;9/30/2025 18:00;08:45;16:45;Altiplano central;fuera;Area protejida parramos chimaltenango;ac_192;si;otra;Personal municipal;no;09/30/2025 23:14:39.526;09/30/2025 23:14:39.526;-90.8069361;14.6663179
San Pedro La Laguna;9/30/2025 18:00;08:00;16:30;Altiplano Central;rumcla;Reserva de usos múltiples de la Cuenca del Lago de Atitlán;ac_192;no;;;no;10/01/2025 00:46:59.534;10/01/2025 00:46:59.534;-91.278317;14.6894395
Santiago Atitlán;9/30/2025 18:00;08:05;16:18;Altiplano Central;rumcla;Reserva de usos múltiples de la Cuenca del Lago de Atitlán;ac_192;no;;;no;10/01/2025 02:10:57.640;10/01/2025 02:10:57.640;-91.23176208;14.62643662
Santa Maria Visitación;9/16/2025 18:00;09:23;15:22;Altiplano Central;rumcla;Reserva de usos múltiples de la Cuenca del Lago de Atitlán;ac_192;no;;;no;10/01/2025 17:04:48.273;10/01/2025 17:04:48.273;-91.308778;14.7170765
Santa Maria Visitación;9/18/2025 18:00;09:02;15:50;Altiplano Central;rumcla;Reserva de usos múltiples de la Cuenca del Lago de Atitlán;ac_192;no;;;no;10/01/2025 17:04:52.544;10/01/2025 17:04:52.544;-91.3087541;14.7171215
Santa Maria Visitación;9/25/2025 18:00;06:06;;Altiplano Central;rumcla;Reserva de usos múltiples de la Cuenca del Lago de Atitlán;ac_192;no;;;si;10/01/2025 17:04:56.548;10/01/2025 17:04:56.548;-91.31331167;14.70932
Santa Maria Visitación;9/30/2025 18:00;09:15;;Altiplano Central;rumcla;Reserva de usos múltiples de la Cuenca del Lago de Atitlán;ac_192;no;;;no;10/01/2025 17:04:58.450;10/01/2025 17:04:58.450;-91.30969167;14.7182
San José Chacaya;10/1/2025 18:00;08:55;14:17;Altiplano Central;rumcla;Reserva de usos múltiples de la Cuenca del Lago de Atitlán;ac_192;no;;;no;10/01/2025 20:17:11.213;10/01/2025 20:17:11.213;-91.2146501;14.7718131
Santa Clara La Laguna;10/1/2025 18:00;08:04;;Altiplano Central;rumcla;Reserva de usos múltiples de la Cuenca del Lago de Atitlán;ac_190;no;;;no;10/01/2025 22:44:32.066;10/01/2025 22:44:32.066;-91.3026732;14.71906501
San Andres Semetabaj;10/1/2025 18:00;08:00;16:30;Altiplano Central;rumcla;Reserva de usos múltiples de la Cuenca del Lago de Atitlán;ac_192;no;;;no;10/01/2025 22:47:23.372;10/01/2025 22:47:23.372;-91.1342526;14.7465953
Santiago Atitlán;10/1/2025 18:00;08:00;16:30;Altiplano Central;rumcla;Reserva de usos múltiples de la Cuenca del Lago de Atitlán;ac_192;si;otra;Ingeñero de Vivamos Mejor y de CECON;no;10/02/2025 04:01:04.186;10/02/2025 04:01:04.186;-91.2303099;14.6313232
Santa Clara La Laguna;10/2/2025 18:00;08:45;15:29;Altiplano Central;rumcla;Reserva de usos múltiples de la Cuenca del Lago de Atitlán;ac_192;no;;;no;10/02/2025 21:32:38.013;10/02/2025 21:32:38.013;-91.32039346;14.76180625
Santa Clara La Laguna;10/2/2025 18:00;08:09;10:09;Altiplano Central;rumcla;Reserva de usos múltiples de la Cuenca del Lago de Atitlán;ac_190;no;;;no;10/02/2025 22:49:08.380;10/02/2025 22:49:08.380;-91.31142885;14.73404533
San Pedro La Laguna;10/02/2025 14:25:03.509;08:00;04:30;Altiplano Central;rumcla;Reserva de usos múltiples de la Cuenca del Lago de Atitlán;ac_192;no;;;no;10/03/2025 00:08:42.194;10/03/2025 00:08:42.194;-91.2738421;14.6906178
Tecpan;10/2/2025 18:00;09:00;17:16;Altiplano Central;fuera;Parque regional astillero municipal;ac_192;no;;;no;10/03/2025 00:17:09.585;10/03/2025 00:17:09.585;-90.99300648;14.77318812
San Andrés Semetabaj;10/2/2025 18:00;08:00;16:30;Altiplano Central;rumcla;Reserva de usos múltiples de la Cuenca del Lago de Atitlán;ac_192;no;;;no;10/03/2025 01:16:58.727;10/03/2025 01:16:58.727;-91.1342526;14.7465953
Tecpan;10/2/2025 18:00;08:15;16:48;Altiplano Central;fuera;Parque Regional Municipal, Astillero de Tecpan.;ac_192;no;;;no;10/03/2025 04:31:48.414;10/03/2025 04:31:48.414;-90.996555;14.77868
Santiago Atitlán;10/2/2025 18:00;08:00;16:30;Altiplano Central;rumcla;Reserva de usos múltiples de la Cuenca del Lago de Atitlán;ac_192;si;otra;Ingeñero de Vivamos Mejor y de CECON;no;10/03/2025 05:10:21.916;10/03/2025 05:10:21.916;-91.2360202;14.6218228
Santa Clara La Laguna;10/6/2025 18:00;09:24;15:35;Altiplano Central;rumcla;Reserva de usos múltiples de la Cuenca del Lago de Atitlán;ac_192;no;;;no;10/06/2025 21:35:59.336;10/06/2025 21:35:59.336;-91.30066593;14.75577284
Sololá;10/6/2025 18:00;08:25;16:30;Altiplano Central;rumcla;Reserva de usos múltiples de la Cuenca del Lago de Atitlán;ac_192;no;;;no;10/06/2025 22:30:47.681;10/06/2025 22:30:47.681;-91.19923167;14.77316667
Tecpan;10/6/2025 18:00;09:00;16:00;Altiplano Central;fuera;Parque regional astillero municipal Tecpan;ac_192;no;;;no;10/06/2025 23:39:08.397;10/06/2025 23:39:08.397;-90.97436017;14.76197055
Santiago Atitlán;10/6/2025 18:00;08:01;16:00;Altiplano Central;rumcla;Reserva de usos múltiples de la Cuenca del Lago de Atitlán;ac_192;no;;;no;10/06/2025 23:58:36.319;10/06/2025 23:58:36.319;-91.21322427;14.60182667
Santa Clara La Laguna;10/06/2025 18:40:34.704;08:00;16:35;Altiplano Central;rumcla;Reserva de usos múltiples de la Cuenca del Lago de Atitlán;ac_190;no;;;no;10/07/2025 00:33:02.356;10/07/2025 00:33:02.356;-91.30628803;14.73898441
Acatenango;9/30/2025 18:00;08:28;17:22;Altiplano Central;fuera;Reserva de usos múltiples de la Cuenca del Lago de Atitlán;ac_190;no;;;no;10/07/2025 15:36:14.224;10/07/2025 15:36:14.224;-90.90590537;14.56722548
Acatenango;9/23/2025 18:00;08:16;16:32;Altiplano Central;fuera;Reserva de usos múltiples de la Cuenca del Lago de Atitlán;ac_190;no;;;no;10/07/2025 15:54:13.863;10/07/2025 15:54:13.863;-90.91977775;14.57953263
Acatenango;9/29/2025 18:00;08:23;17:14;Altiplano Central;fuera;Reserva de usos múltiples de la Cuenca del Lago de Atitlán;ac_190;no;;;no;10/07/2025 15:54:18.863;10/07/2025 15:54:18.863;0;0
Santa Catarina Palopó;10/6/2025 18:00;08:20;;Altiplano Central;rumcla;Reserva de usos múltiples de la Cuenca del Lago de Atitlán;ac_192;no;;;no;10/07/2025 18:25:18.162;10/07/2025 18:25:18.162;-91.1354519;14.7232606
Acatenango;10/7/2025 18:00;08:04;16:30;Altiplano Central;fuera;Montaña soco y astillero san antonio nejapa acatenango;ac_192;no;;;no;10/07/2025 20:19:33.923;10/07/2025 20:19:33.923;-90.928515;14.570225
Tecpan;10/7/2025 18:00;08:23;15:34;Altiplano Central;fuera;Parque Regional Municipal. Astillero de Tecpan.;ac_192;no;;;no;10/07/2025 22:50:01.041;10/07/2025 22:50:01.041;-90.99687333;14.77627
San Andres Semetabaj;10/6/2025 18:00;08:00;04:30;Altiplano Central;rumcla;Reserva de usos múltiples de la Cuenca del Lago de Atitlán;ac_192;no;;;si;10/08/2025 00:10:17.574;10/08/2025 00:10:17.574;-91.13183218;14.74118276
Santa Clara La Laguna;10/7/2025 18:00;08:10;04:30;Altiplano Central;rumcla;Reserva de usos múltiples de la Cuenca del Lago de Atitlán;ac_190;no;;;no;10/08/2025 06:15:44.403;10/08/2025 06:15:44.403;-91.30906257;14.72426386
Santa Maria Visitación;9/25/2025 18:00;08:00;10:00;Altiplano Central;rumcla;Reserva de usos múltiples de la Cuenca del Lago de Atitlán;ac_192;no;;;no;10/08/2025 15:07:08.174;10/08/2025 15:07:08.174;-91.30976301;14.71649966
Santa Maria Visitación;10/2/2025 18:00;09:00;16:30;Altiplano Central;rumcla;Reserva de usos múltiples de la Cuenca del Lago de Atitlán;ac_192;no;;;no;10/08/2025 15:07:12.068;10/08/2025 15:07:12.068;-91.30869036;14.71703644
Santa Maria Visitación;8/30/2025 18:00;09:00;03:30;Altiplano Central;rumcla;Reserva de usos múltiples de la Cuenca del Lago de Atitlán;ac_192;no;;;no;10/08/2025 17:52:48.565;10/08/2025 17:52:48.565;-91.30960394;14.71674065
Santa Clara La Laguna;10/8/2025 18:00;09:26;14:52;Altiplano Central;rumcla;Reserva de usos múltiples de la Cuenca del Lago de Atitlán;ac_192;no;;;no;10/08/2025 20:53:52.912;10/08/2025 20:53:52.912;-91.29384475;14.74940456
Santa Clara La Laguna;10/8/2025 18:00;08:00;16:34;Altiplano Central;rumcla;Reserva de usos múltiples de la Cuenca del Lago de Atitlán;ac_190;no;;;no;10/08/2025 23:01:32.356;10/08/2025 23:01:32.356;-91.30821426;14.7239396
Tecpan;10/8/2025 18:00;09:00;;Altiplano Central;;Parque regional astillero municipal Tecpan;ac_192;no;;;no;10/08/2025 23:21:11.568;10/08/2025 23:21:11.568;-91.01478236;14.75646914
San Antonio Palopó;10/8/2025 18:00;08:13;14:20;Altiplano Central;rumcla;Reserva de usos múltiples de la Cuenca del Lago de Atitlán;ac_192;no;;;no;10/08/2025 23:21:24.013;10/08/2025 23:21:24.013;-91.11673297;14.64954347
Parramos;10/8/2025 18:00;09:24;16:50;Altiplano Central;fuera;Area protejida parramos chimaltenango;ac_192;no;;;no;10/08/2025 23:37:17.701;10/08/2025 23:37:17.701;-90.8029733;14.6095211
Santa Catarina Palopó;10/8/2025 18:00;08:23;16:18;Altiplano Central;rumcla;Reserva de usos múltiples de la Cuenca del Lago de Atitlán;ac_192;no;;;no;10/09/2025 00:20:54.863;10/09/2025 00:20:54.863;-91.1354519;14.7232606
San Pedro La Laguna;10/8/2025 18:00;08:00;16:30;Altiplano Central;rumcla;Reserva de usos múltiples de la Cuenca del Lago de Atitlán;ac_192;no;;;no;10/09/2025 01:52:54.940;10/09/2025 01:52:54.940;-91.27859055;14.66512218
San Lucas Tolimán;10/6/2025 18:00;08:20;;Altiplano Central;rumcla;Reserva de usos múltiples de la Cuenca del Lago de Atitlán;ac_192;no;;;no;10/09/2025 14:16:43.705;10/09/2025 14:16:43.705;-91.1447481;14.6255643
San Andres Semetabaj;10/8/2025 18:00;08:00;16:30;Altiplano Central;rumcla;Reserva de usos múltiples de la Cuenca del Lago de Atitlán;ac_192;no;;;no;10/09/2025 22:10:38.327;10/09/2025 22:10:38.327;-91.13168204;14.74106692
Acatenango;10/9/2025 18:00;08:00;04:30;Altiplano Central;fuera;Cerro el cipreson los planes acatenango;ac_192;no;;;no;10/09/2025 23:03:02.319;10/09/2025 23:03:02.319;-90.90627667;14.56772833
Santa Clara La Laguna;10/09/2025 15:49:04.625;;;Altiplano Central;rumcla;Reserva de usos múltiples de la Cuenca del Lago de Atitlán;ac_190;no;;;no;10/09/2025 23:05:56.166;10/09/2025 23:05:56.166;-91.30993263;14.76246859
Tecpan;10/9/2025 18:00;08:00;16:26;Altiplano Central;fuera;Parque regional astillero municipal Tecpan;ac_192;no;;;no;10/09/2025 23:27:10.278;10/09/2025 23:27:10.278;-90.97445535;14.76199006
Tecpan;10/9/2025 18:00;08:26;16:15;Altiplano Central;fuera;Parque Arqueologico IXIMCHE.;ac_192;no;;;no;10/09/2025 23:28:41.910;10/09/2025 23:28:41.910;-90.99786333;14.737085
San Andres Semetabaj;10/9/2025 18:00;08:00;16:30;Altiplano Central;rumcla;Reserva de usos múltiples de la Cuenca del Lago de Atitlán;ac_192;no;;;no;10/10/2025 01:46:47.515;10/10/2025 01:46:47.515;-91.12931873;14.7384489
Santiago Atitlán;10/10/2025 03:53:07.268;08:00;16:30;Altiplano Central;rumcla;Reserva de usos múltiples de la Cuenca del Lago de Atitlán;ac_192;no;;;no;10/10/2025 04:04:46.542;10/10/2025 04:04:46.542;-91.27615624;14.62594771
Santiago Atitlán;10/9/2025 18:00;08:00;04:30;Altiplano Central;rumcla;Reserva de usos múltiples de la Cuenca del Lago de Atitlán;ac_192;no;;;no;10/10/2025 14:15:37.172;10/10/2025 14:15:37.172;-91.2341396;14.6244876
Santiago Atitlán;10/10/2025 18:00;08:00;04:30;Altiplano Central;rumcla;Reserva de usos múltiples de la Cuenca del Lago de Atitlán;ac_192;no;;;no;10/10/2025 22:14:34.559;10/10/2025 22:14:34.559;-91.23106897;14.62330189
Tecpan;10/10/2025 18:00;20:22;16:35;Altiplano Central;fuera;Parque Regional Municipal. Astillero de Tecpan.;ac_192;no;;;no;10/10/2025 22:50:14.174;10/10/2025 22:50:14.174;-90.99647333;14.76084833
Santiago Atitlán;10/10/2025 18:00;08:00;16:30;Altiplano Central;rumcla;Reserva de usos múltiples de la Cuenca del Lago de Atitlán;ac_192;no;;;no;10/10/2025 23:10:08.182;10/10/2025 23:10:08.182;-91.23120887;14.62605475
Acatenango;10/7/2025 18:00;08:06;16:54;Altiplano Central;fuera;Reserva de usos múltiples de la Cuenca del Lago de Atitlán;ac_191;no;;;no;10/10/2025 23:22:44.141;10/10/2025 23:22:44.141;-90.92035057;14.57957592
Acatenango;10/9/2025 18:00;08:22;17:22;Altiplano Central;fuera;Reserva de usos múltiples de la Cuenca del Lago de Atitlán;ac_190;no;;;no;10/10/2025 23:22:46.253;10/10/2025 23:22:46.253;-90.90728008;14.56816496
Acatenango;10/10/2025 19:09:34.178;08:09;17:09;Altiplano Central;fuera;Reserva de usos múltiples de la Cuenca del Lago de Atitlán;ac_190;no;;;no;10/10/2025 23:22:48.503;10/10/2025 23:22:48.503;-90.91911013;14.58115155
Santa Clara La Laguna;10/10/2025 18:00;08:42;14:43;Altiplano Central;rumcla;Reserva de usos múltiples de la Cuenca del Lago de Atitlán;ac_192;no;;;no;10/10/2025 23:46:03.980;10/10/2025 23:46:03.980;-91.30707257;14.7058637
Santa Clara La Laguna;10/10/2025 18:00;08:01;16:29;Altiplano Central;rumcla;Reserva de usos múltiples de la Cuenca del Lago de Atitlán;ac_190;no;;;no;10/13/2025 14:35:07.635;10/13/2025 14:35:07.635;-91.31163851;14.73407484
Tecpan;10/10/2025 18:00;09:00;17:00;Altiplano Central;fuera;Reserva de usos múltiples de la Cuenca del Lago de 8Atitlán;ac_192;no;;;no;10/13/2025 16:34:18.436;10/13/2025 16:34:18.436;-91.01185932;14.76463601
Tecpan;10/13/2025 18:00;09:00;;Altiplano Central;fuera;Parque arqueologico Iximche;ac_192;no;;;no;10/13/2025 16:34:19.718;10/13/2025 16:34:19.718;-90.97436008;14.76199467
Santa Clara La Laguna;10/13/2025 14:59:18.711;08:00;16:30;Altiplano Central;;Reserva de usos múltiples de la Cuenca del Lago de Atitlán;ac_190;no;;;no;10/13/2025 22:40:46.903;10/13/2025 22:40:46.903;-91.31192352;14.73410404
Tecpan;10/13/2025 18:00;09:00;16:42;Altiplano Central;fuera;Parque arqueologico Iximche;ac_192;no;;;no;10/13/2025 23:42:36.286;10/13/2025 23:42:36.286;-90.97436153;14.76195844
Santa Catarina Palopó;10/13/2025 18:00;08:11;16:38;Altiplano Central;rumcla;Reserva de usos múltiples de la Cuenca del Lago de Atitlán;ac_192;no;;;no;10/14/2025 02:12:54.880;10/14/2025 02:12:54.880;-91.13555074;14.7218174
Santa Maria Visitación;10/13/2025 18:00;09:00;04:30;Altiplano Central;rumcla;Reserva de usos múltiples de la Cuenca del Lago de Atitlán;ac_192;no;;;no;10/14/2025 14:22:11.845;10/14/2025 14:22:11.845;-91.30979908;14.71649948
San Pedro La Laguna;10/14/2025 15:54:18.335;09:54;13:30;Altiplano Central;rumcla;Reserva de usos múltiples de la Cuenca del Lago de Atitlán;ac_192;no;;;no;10/14/2025 22:46:21.463;10/14/2025 22:46:21.463;-91.27752;14.6895061
Tecpan;10/14/2025 18:00;08:27;16:47;Altiplano Central;fuera;Parque Regional Minicipal. Astillero de Tecpan;ac_192;no;;;no;10/14/2025 23:50:01.340;10/14/2025 23:50:01.340;-91.003165;14.775965
San Lucas Tolimán;10/4/2025 18:00;;;Altiplano Central;rumcla;Reserva de usos múltiples de la Cuenca del Lago de Atitlán;ac_192;si;otra;Bonberos Voluntarios y Brigada de socorro;no;10/15/2025 17:31:46.626;10/15/2025 17:31:46.626;-91.18679667;14.59560333
San Lucas Tolimán;9/18/2025 18:00;;10:39;Altiplano Central;rumcla;Reserva de usos múltiples de la Cuenca del Lago de Atitlán;ac_192;no;;;no;10/15/2025 17:32:21.822;10/15/2025 17:32:21.822;-91.14768833;14.62965333
SanJuan La Laguna;10/15/2025 17:18:48.531;09:07;13:53;Altiplano Central;rumcla;Reserva de usos múltiples de la Cuenca del Lago de Atitlán;ac_192;no;;;no;10/15/2025 19:54:49.552;10/15/2025 19:54:49.552;-91.30542;14.70566
San Andres Semetabaj;10/15/2025 18:00;08:00;16:30;Altiplano Central;rumcla;Reserva de usos múltiples de la Cuenca del Lago de Atitlán;ac_192;no;;;no;10/15/2025 22:56:47.760;10/15/2025 22:56:47.760;-91.1096735;14.7306747
Santa Clara La Laguna;10/15/2025 18:00;08:00;16:36;Altiplano Central;rumcla;Reserva de usos múltiples de la Cuenca del Lago de Atitlán;ac_190;no;;;no;10/15/2025 23:29:30.655;10/15/2025 23:29:30.655;-91.31161392;14.73408737
Santiago Atitlán;10/15/2025 18:00;08:00;16:30;Altiplano Central;rumcla;Reserva de usos múltiples de la Cuenca del Lago de Atitlán;ac_192;no;;;no;10/15/2025 23:55:01.214;10/15/2025 23:55:01.214;-91.230464;14.6275703
Tecpan;10/15/2025 18:00;10:00;17:00;Altiplano Central;fuera;Reserva natural los laureles;ac_192;no;;;no;10/16/2025 03:37:22.526;10/16/2025 03:37:22.526;-90.97091951;14.71283652
Santa Clara La Laguna;10/15/2025 18:00;10:00;14:40;Altiplano Central;rumcla;Reserva de usos múltiples de la Cuenca del Lago de Atitlán;ac_192;no;;;no;10/16/2025 04:42:55.465;10/16/2025 04:42:55.465;-91.31321814;14.73371209
Nahuala;10/16/2025 18:00;09:17;14:51;Altiplano Central;rumcla;Reserva de usos múltiples de la Cuenca del Lago de Atitlán;ac_192;si;otra;Personal forestal de la municipalidad de Nahuala;no;10/16/2025 20:53:11.428;10/16/2025 20:53:11.428;-91.32137259;14.85288841
San Antonio Palopó;10/16/2025 18:00;08:30;15:17;Altiplano Central;rumcla;Reserva de usos múltiples de la Cuenca del Lago de Atitlán;ac_192;no;;;no;10/16/2025 21:17:43.905;10/16/2025 21:17:43.905;-91.12352763;14.63724648
San Pablo La Laguna;10/16/2025 18:00;08:15;16:23;Altiplano Central;rumcla;Reserva de usos múltiples de la Cuenca del Lago de Atitlán;ac_192;no;;;no;10/16/2025 22:25:31.944;10/16/2025 22:25:31.944;-91.2729305;14.7237701
Tecpan;10/16/2025 18:00;09:00;17:06;Altiplano Central;fuera;Parque regional astillero municipal Tecpan;ac_192;no;;;no;10/17/2025 00:06:46.749;10/17/2025 00:06:46.749;-90.99207085;14.76108157
San Lucas Tolimán;10/15/2025 18:00;;;Altiplano Central;rumcla;Reserva de usos múltiples de la Cuenca del Lago de Atitlán;ac_192;no;;;no;10/17/2025 18:39:09.126;10/17/2025 18:39:09.126;-91.140415;14.638065
Santa Clara La Laguna;10/17/2025 18:00;08:00;16:30;Altiplano Central8;rumcla;Reserva de usos múltiples de la Cuenca del Lago de Atitlán;ac_190;no;;;no;10/17/2025 22:33:38.144;10/17/2025 22:33:38.144;-91.31189588;14.73409645
San Pablo La Laguna;10/17/2025 18:00;08:10;16:17;Altiplano Central;rumcla;Reserva de usos múltiples de la Cuenca del Lago de Atitlán;ac_192;no;;;no;10/17/2025 22:34:26.991;10/17/2025 22:34:26.991;-91.27528667;14.72287
Nahuala;10/17/2025 18:00;09:26;15:46;Altiplano Central;rumcla;Reserva de usos múltiples de la Cuenca del Lago de Atitlán;ac_192;no;;;no;10/17/2025 22:48:29.656;10/17/2025 22:48:29.656;-91.32116964;14.85330268
Santa Maria Visitación;10/17/2025 18:00;08:00;04:30;Altiplano Central;rumcla;Reserva de usos múltiples de la Cuenca del Lago de Atitlán;ac_192;no;;;no;10/17/2025 22:59:09.155;10/17/2025 22:59:09.155;-91.31023426;14.7168383
Acatenango;10/13/2025 18:00;08:06;16:51;Altiplano Central;fuera;Reserva de usos múltiples de la Cuenca del Lago de Atitlán;ac_190;no;;;no;10/17/2025 23:06:03.795;10/17/2025 23:06:03.795;-90.92621346;14.57347662
San Andres Semetabaj;10/17/2025 18:00;08:00;16:30;Altiplano Central;rumcla;Reserva de usos múltiples de la Cuenca del Lago de Atitlán;ac_192;no;;;no;10/17/2025 23:27:49.798;10/17/2025 23:27:49.798;0;0
Santiago Atitlán;10/16/2025 18:00;08:00;16:30;Altiplano Central;rumcla;Reserva de usos múltiples de la Cuenca del Lago de Atitlán;ac_192;si;otra;Guarda Recursos Mucipal;no;10/20/2025 16:11:32.194;10/20/2025 16:11:32.194;-91.2315309;14.62563687
Nahuala;10/21/2025 18:00;09:06;15:13;Altiplano Central;rumcla;Reserva de usos múltiples de la Cuenca del Lago de Atitlán;ac_192;no;;;no;10/21/2025 21:14:08.235;10/21/2025 21:14:08.235;-91.32030533;14.85688566
San Pablo La Laguna;10/21/2025 18:00;08:12;16:20;Altiplano Central;rumcla;Reserva de usos múltiples de la Cuenca del Lago de Atitlán;ac_192;no;;;no;10/21/2025 22:32:16.646;10/21/2025 22:32:16.646;-91.27372333;14.72556833
Tecpan;10/21/2025 18:00;08:10;16:33;Altiplano Central;fuera;Parque Arqueologico IXIMCHE.;ac_192;no;;;no;10/21/2025 22:38:22.343;10/21/2025 22:38:22.343;-90.99750833;14.73738667
Santa Clara La Laguna;10/21/2025 18:00;;;Altiplano Central;rumcla;Reserva de usos múltiples de la Cuenca del Lago de Atitlán;ac_190;no;;;no;10/21/2025 23:04:00.687;10/21/2025 23:04:00.687;-91.31203082;14.73409311
Tecpan;10/21/2025 18:00;09:00;17:35;Altiplano Central;fuera;Parque regional astillero municipal Tecpan;ac_192;no;;;no;10/21/2025 23:35:46.482;10/21/2025 23:35:46.482;-90.97442637;14.76207117
San Lucas Tolimán;10/17/2025 18:00;;;Altiplano Central;rumcla;Reserva de usos múltiples de la Cuenca del Lago de Atitlán;ac_192;no;;;no;10/22/2025 16:03:17.816;10/22/2025 16:03:17.816;-91.15275667;14.62853833
Parramos/Poaquil;10/21/2025 18:00;08:31;;Altiplano Central;rumcla;Astillero pequeño;ac_192;no;;;no;10/22/2025 16:46:22.255;10/22/2025 16:46:22.255;-90.81703833;14.56965833
San Pablo La Laguna;10/22/2025 18:00;08:16;16:15;Altiplano Central;rumcla;Reserva de usos múltiples de la Cuenca del Lago de Atitlán;ac_192;no;;;no;10/22/2025 22:43:06.140;10/22/2025 22:43:06.140;-91.27432833;14.72206667
Santa Clara La Laguna;10/22/2025 18:00;08:00;16:30;Altiplano Central;rumcla;Reserva de usos múltiples de la Cuenca del Lago de Atitlán;ac_190;no;;;no;10/22/2025 22:46:53.921;10/22/2025 22:46:53.921;-91.30995162;14.73512498
Santa Catarina Palopó;10/22/2025 18:00;08:21;16:47;Altiplano Central;rumcla;Reserva de usos múltiples de la Cuenca del Lago de Atitlán;ac_192;no;;;no;10/22/2025 22:48:47.602;10/22/2025 22:48:47.602;-91.13542962;14.72195076
Santa Catarina Palopó;10/17/2025 18:00;08:16;16:34;Altiplano Central;rumcla;Reserva de usos múltiples de la Cuenca del Lago de Atitlán;ac_192;no;;;no;10/22/2025 22:50:12.835;10/22/2025 22:50:12.835;-91.1354519;14.7232606
Tecpan;10/22/2025 18:00;09:00;17:21;Altiplano Central;rumcla;Parque regional astillero municipal Tecpan;ac_192;no;;;no;10/22/2025 23:22:15.292;10/22/2025 23:22:15.292;-91.01762034;14.77849861
Parramos;10/22/2025 18:00;08:44;17:34;Altiplano Central;fuera;Area protejida parramos chimaltenango;ac_192;no;;;no;10/22/2025 23:34:46.717;10/22/2025 23:34:46.717;-90.8026095;14.6101451
San Andres Semetabaj;10/22/2025 18:00;08:00;16:30;Altiplano Central;rumcla;Reserva de usos múltiples de la Cuenca del Lago de Atitlán;ac_192;no;;;no;10/23/2025 01:59:55.158;10/23/2025 01:59:55.158;-91.1315541;14.742234
Santa Clara La Laguna;10/22/2025 18:00;06:45;;Altiplano Central;rumcla;Reserva de usos múltiples de la Cuenca del Lago de Atitlán;ac_192;no;;;no;10/23/2025 04:14:28.109;10/23/2025 04:14:28.109;-91.31695478;14.75450321
Santiago Atitlán;10/22/2025 18:00;08:00;;Altiplano Central;rumcla;Reserva de usos múltiples de la Cuenca del Lago de Atitlán;ac_192;si;otra;Guarda Recursos Municipal;no;10/23/2025 14:26:07.435;10/23/2025 14:26:07.435;-91.23064418;14.62742112
Santiago Atitlán;10/16/2025 18:00;08:00;04:30;Altiplano Central;rumcla;Reserva de usos múltiples de la Cuenca del Lago de Atitlán;ac_192;si;otra;Guardarecursos munisipal;no;10/23/2025 17:22:25.806;10/23/2025 17:22:25.806;-91.2313907;14.62503995
San Pablo La Laguna;10/23/2025 18:00;08:07;16:18;Altiplano Central;rumcla;Reserva de usos múltiples de la Cuenca del Lago de Atitlán;ac_192;no;;;si;10/23/2025 22:44:01.982;10/23/2025 22:44:01.982;-91.27394;14.7262
Tecpan;10/23/2025 18:00;08:15;16:54;Altiplano Central;fuera;Parque Regional Municipal. Astillero de Tecpan.;ac_192;no;;;no;10/23/2025 22:56:33.837;10/23/2025 22:56:33.837;-90.99613833;14.77560667
Acatenango;10/21/2025 19:27:27.885;08:21;16:27;Altiplano Central;fuera;Reserva de usos múltiples de la Cuenca del Lago de Atitlán;ac_190;no;;;no;10/23/2025 22:57:26.689;10/23/2025 22:57:26.689;-90.92587684;14.56294241
Acatenango;10/23/2025 18:00;08:02;16:59;Altiplano Central;fuera;Reserva de usos múltiples de la Cuenca del Lago de Atitlán;ac_190;si;otra;Aliso  ,cagete;si;10/23/2025 22:57:30.254;10/23/2025 22:57:30.254;-90.87890944;14.58186414
Santa Clara La Laguna;10/23/2025 18:00;09:51;;Altiplano Central;rumcla;Reserva de usos múltiples de la Cuenca del Lago de Atitlán;ac_192;no;;;no;10/23/2025 23:19:09.889;10/23/2025 23:19:09.889;-91.31202631;14.73120846
Acatenango;10/23/2025 18:00;08:00;04:30;Altiplano Central;fuera;Cerro el cipreson aldea los planes acatenango;ac_192;no;;;si;10/24/2025 01:37:13.846;10/24/2025 01:37:13.846;-90.90878167;14.55598833
Santiago Atitlán;10/23/2025 18:00;08:00;16:30;Altiplano Central;rumcla;Reserva de usos múltiples de la Cuenca del Lago de Atitlán;ac_192;si;otra;Guarda Recursos Municipal;no;10/24/2025 06:18:11.816;10/24/2025 06:18:11.816;-91.22611217;14.63786908
San Lucas Tolimán;10/22/2025 18:00;;;Altiplano Central;rumcla;Reserva de usos múltiples de la Cuenca del Lago de Atitlán;ac_192;no;;;no;10/24/2025 16:13:27.812;10/24/2025 16:13:27.812;-91.14795333;14.629965
San Pablo La Laguna;10/24/2025 18:00;08:10;16:17;Altiplano Central;rumcla;Reserva de usos múltiples de la Cuenca del Lago de Atitlán;ac_192;no;;;no;10/24/2025 22:27:37.873;10/24/2025 22:27:37.873;-91.2725583;14.7193115
Santa Clara La Laguna;10/24/2025 18:06:27.433;08:00;16:35;Altiplano Central;rumcla;Reserva de usos múltiples de la Cuenca del Lago de Atitlán;ac_190;no;;;no;10/24/2025 23:02:58.143;10/24/2025 23:02:58.143;-91.30881426;14.72865543
Santiago Atitlán;10/24/2025 18:00;08:00;16:30;Altiplano Central;rumcla;Reserva de usos múltiples de la Cuenca del Lago de Atitlán;ac_192;si;otra;Guarda Recursos Municipal;no;10/25/2025 00:45:42.890;10/25/2025 00:45:42.890;-91.23067654;14.62746198
Acatenango;10/24/2025 18:00;08:00;16:30;Altiplano Central;fuera;Cerro la campana aldea pacoc acatenango;ac_192;no;;;no;10/25/2025 02:47:10.242;10/25/2025 02:47:10.242;-90.943465;14.57485667
San Pedro La Laguna;10/25/2025 18:00;13:56;15:48;Altiplano Central;rumcla;Reserva de usos múltiples de la Cuenca del Lago de Atitlán;ac_190;si;otra;PNC, COCODES DE CHUASANAHI, PM MUNI;no;10/25/2025 21:48:56.301;10/25/2025 21:48:56.301;-91.2738393;14.689953
Santiago Atitlán;10/17/2025 18:00;08:00;16:30;Altiplano Central;rumcla;Reserva de usos múltiples de la Cuenca del Lago de Atitlán;ac_192;no;;;no;10/26/2025 05:13:30.851;10/26/2025 05:13:30.851;-91.21823058;14.58177705
Santa Lucia Utatlán;9/30/2025 18:00;08:30;16:15;Altiplano Central;rumcla;Reserva de usos múltiples de la Cuenca del Lago de Atitlán;ac_192;no;;;no;10/26/2025 22:06:24.355;10/26/2025 22:06:24.355;-91.2474433;14.8047161
Santa Lucia Utatlán;10/7/2025 18:00;10:06;16:15;Altiplano Central;rumcla;Reserva de usos múltiples de la Cuenca del Lago de Atitlán;ac_192;no;;;no;10/26/2025 22:06:27.658;10/26/2025 22:06:27.658;-91.2987251;14.79013809
Santa Lucia Utatlán;10/14/2025 18:00;09:00;16:15;Altiplano Central;rumcla;Reserva de usos múltiples de la Cuenca del Lago de Atitlán;ac_192;no;;;no;10/26/2025 22:06:30.303;10/26/2025 22:06:30.303;-91.26096765;14.76253417
Santa Lucia Utatlán;10/16/2025 16:28:48.310;09:00;16:00;Altiplano Central;rumcla;Reserva de usos múltiples de la Cuenca del Lago de Atitlán;ac_192;no;;;no;10/26/2025 22:06:33.152;10/26/2025 22:06:33.152;-91.2661278;14.76531261
Santa Lucia Utatlán;10/21/2025 18:00;09:00;04:15;Altiplano Central;rumcla;Reserva de usos múltiples de la Cuenca del Lago de Atitlán;ac_192;no;;;no;10/26/2025 22:06:35.620;10/26/2025 22:06:35.620;-91.29359311;14.79020577
Tecpan;10/24/2025 18:00;09:00;17:15;Altiplano Central;fuera;Parque arqueologico Iximche;ac_192;no;;;no;10/27/2025 02:40:27.137;10/27/2025 02:40:27.137;-90.99713289;14.73572081
Nahuala;10/28/2025 18:00;09:47;;Altiplano Central;rumcla;Reserva de usos múltiples de la Cuenca del Lago de Atitlán;ac_192;no;;;no;10/28/2025 20:24:50.967;10/28/2025 20:24:50.967;-91.31892167;14.81590333
Tecpan;10/28/2025 18:00;08:10;14:30;Altiplano Central;fuera;Paque Regional Municipal Astillero de Tecpan.;ac_192;no;;;no;10/28/2025 21:42:24.822;10/28/2025 21:42:24.822;-91.01257333;14.76627833
Santa Lucia Utatlán;10/28/2025 18:00;09:00;04:15;Altiplano Central;rumcla;;ac_192;no;;;no;10/28/2025 22:44:38.866;10/28/2025 22:44:38.866;-91.27386899;14.77748535
Santiago Atitlán;10/28/2025 18:00;08:02;12:03;Altiplano Central;rumcla;Reserva de usos múltiples de la Cuenca del Lago de Atitlán;ac_192;si;otra;Guarda recurdos munisipal;si;10/28/2025 22:54:00.462;10/28/2025 22:54:00.462;-91.2645837;14.6865173
Tecpan;10/28/2025 18:00;09:00;16:44;Altiplano Central;fuera;Parque regional astillero municipal Tecpan;ac_192;no;;;no;10/28/2025 23:04:28.960;10/28/2025 23:04:28.960;-91.01165686;14.76476141
Acatenango;10/28/2025 18:00;08:00;16:30;Altiplano Central;fuera;Cerro el cipreson aldea los planes;ac_192;no;;;no;10/28/2025 23:23:59.416;10/28/2025 23:23:59.416;-90.91563667;14.56534333
Santa Clara La Laguna;10/28/2025 18:00;08:00;16:31;Altiplano Central;rumcla;Reserva de usos múltiples de la Cuenca del Lago de Atitlán;ac_190;no;;;no;10/28/2025 23:55:44.478;10/28/2025 23:55:44.478;-91.31171847;14.73406387
Santa Maria Visitación;10/28/2025 18:00;09:00;03:35;Altiplano Central;rumcla;Reserva de usos múltiples de la Cuenca del Lago de Atitlán;ac_192;no;;;no;10/29/2025 00:43:42.621;10/29/2025 00:43:42.621;-91.30989433;14.71877436
Santa Cruz La Laguna;10/29/2025 18:00;11:24;15:39;Dirección Regional Altiplano Centra;rumcla;Reserva de Usos Multiples Cuenca Lago Atitlan;ac_192;no;;;no;10/29/2025 21:43:28.559;10/29/2025 21:43:28.559;-91.24908333;14.73429833
SanJuan La Laguna;10/29/2025 16:42:19.271;10:15;16:02;Altiplano Central;rumcla;Reserva de usos múltiples de la Cuenca del Lago de Atitlán;ac_192;no;;;si;10/29/2025 22:09:04.443;10/29/2025 22:09:04.443;-91.30553;14.70457833
SanJuan La Laguna;10/30/2025 18:00;12:00;16:13;Altiplano Central;rumcla;Reserva de usos múltiples de la Cuenca del Lago de Atitlán;ac_192;no;;;no;10/30/2025 22:14:44.853;10/30/2025 22:14:44.853;-91.31264667;14.68482
Tecpan;10/30/2025 18:00;08:25;17:15;Altiplano Central;fuera;Nuevos reservas, en proceso de inscripsion;ac_192;no;;;no;10/31/2025 02:55:19.970;10/31/2025 02:55:19.970;-90.97357833;14.690115
Santa Maria Visitación;10/2/2025 18:00;09:22;15:22;Altiplano Central;rumcla;Reserva de usos múltiples de la Cuenca del Lago de Atitlán;ac_192;no;;;no;10/31/2025 12:25:44.405;10/31/2025 12:25:44.405;-91.3094222;14.7176101
Santa Maria Visitación;10/13/2025 18:00;08:20;15:25;Altiplano Central;rumcla;Reserva de usos múltiples de la Cuenca del Lago de Atitlán;ac_192;no;;;no;10/31/2025 12:25:48.554;10/31/2025 12:25:48.554;-91.33012;14.70833167
Santa Maria Visitación;10/21/2025 18:00;09:14;15:14;Altiplano Central;rumcla;Reserva de usos múltiples de la Cuenca del Lago de Atitlán;ac_192;no;;;si;10/31/2025 12:25:53.695;10/31/2025 12:25:53.695;-91.314205;14.71257333
Santa Maria Visitación;10/24/2025 18:00;08:02;14:53;Altiplano Central;rumcla;Reserva de usos múltiples de la Cuenca del Lago de Atitlán;ac_192;no;;;no;10/31/2025 12:25:59.261;10/31/2025 12:25:59.261;-91.33146;14.69450167
Santa Maria Visitación;10/6/2025 18:00;08:32;15:40;Altiplano Central;rumcla;Reserva de usos múltiples de la Cuenca del Lago de Atitlán;ac_192;no;;;no;10/31/2025 12:26:05.544;10/31/2025 12:26:05.544;-91.314335;14.711715
Santa Maria Visitación;10/7/2025 18:00;09:02;15:46;Altiplano Central;rumcla;Reserva de usos múltiples de la Cuenca del Lago de Atitlán;ac_192;no;;;no;10/31/2025 12:26:10.604;10/31/2025 12:26:10.604;-91.31431;14.71161167
Santa Maria Visitación;10/14/2025 18:00;09:05;15:32;Altiplano Central;rumcla;Reserva de usos múltiples de la Cuenca del Lago de Atitlán;ac_192;no;;;no;10/31/2025 12:26:15.342;10/31/2025 12:26:15.342;-91.314225;14.71212167
Nahuala;10/31/2025 18:00;09:22;14:07;Altiplano Central;rumcla;Reserva de usos múltiples de la Cuenca del Lago de Atitlán;ac_192;no;;;no;10/31/2025 22:07:35.609;10/31/2025 22:07:35.609;-91.30760782;14.81638128
San Pedro La Laguna;10/31/2025 18:00;08:02;13:43;Altiplano Central;rumcla;Reserva de usos múltiples de la Cuenca del Lago de Atitlán;ac_190;no;;;no;10/31/2025 22:14:39.368;10/31/2025 22:14:39.368;0;0
San Pablo La Laguna;10/31/2025 18:00;08:12;16:20;Altiplano Central;rumcla;Reserva de usos múltiples de la Cuenca del Lago de Atitlán;ac_192;no;;;no;10/31/2025 22:30:32.055;10/31/2025 22:30:32.055;-91.2736077;14.72364
Santa Maria Visitación;10/31/2025 18:00;08:00;03:47;Altiplano Central;rumcla;Reserva de usos múltiples de la Cuenca del Lago de Atitlán;ac_192;no;;;no;10/31/2025 22:50:20.877;10/31/2025 22:50:20.877;-91.31470131;14.70762456
Santa Clara La Laguna;10/31/2025 18:00;08:02;16:30;Altiplano Central;rumcla;Reserva de usos múltiples de la Cuenca del Lago de Atitlán;ac_190;no;;;no;10/31/2025 22:51:15.806;10/31/2025 22:51:15.806;-91.30915062;14.72990219
Parramos;10/31/2025 18:00;08:26;16:51;Altiplano Central;fuera;Area protejida parramos chimaltenango;ac_192;no;;;no;10/31/2025 22:52:14.244;10/31/2025 22:52:14.244;-90.778603;14.61048
Santa Catarina Palopó;10/31/2025 18:00;08:16;16:40;Altiplano Central;rumcla;Reserva de usos múltiples de la Cuenca del Lago de Atitlán;ac_192;no;;;no;10/31/2025 23:40:50.486;10/31/2025 23:40:50.486;-91.1354519;14.7232606
Tecpan;10/31/2025 18:00;09:00;17:57;Altiplano Central;fuera;Parque regional astillero municipal;ac_192;no;;;no;10/31/2025 23:59:06.516;10/31/2025 23:59:06.516;-90.9743719;14.7619899
Tecpan;10/31/2025 18:00;08:25;16:35;Altiplano Central;fuera;Parque Arqueologico IXIMCHE;ac_192;no;;;no;11/01/2025 00:38:12.835;11/01/2025 00:38:12.835;-90.99777333;14.73711167
Santa Clara La Laguna;10/31/2025 18:00;09:25;14:30;Altiplano Central;rumcla;Reserva de usos múltiples de la Cuenca del Lago de Atitlán;ac_192;no;;;no;11/01/2025 03:31:19.577;11/01/2025 03:31:19.577;-91.31073544;14.76564293
San Andres Semetabaj;10/31/2025 18:00;08:00;16:30;Altiplano Central;rumcla;Reserva de usos múltiples de la Cuenca del Lago de Atitlán;ac_192;no;;;no;11/01/2025 23:23:12.791;11/01/2025 23:23:12.791;-91.13159209;14.74111438
San Lucas Tolimán;10/24/2025 18:00;;;Altiplano Central;rumcla;Reserva de usos múltiples de la Cuenca del Lago de Atitlán;ac_192;no;;;no;11/04/2025 17:09:29.655;11/04/2025 17:09:29.655;-91.14054;14.63381667
Santa Clara La Laguna;11/4/2025 18:00;08:00;16:37;Altiplano Central;rumcla;Reserva de usos múltiples de la Cuenca del Lago de Atitlán;ac_190;no;;;no;11/04/2025 22:38:49.008;11/04/2025 22:38:49.008;-91.31037727;14.70390436
Acatenango;10/28/2025 18:00;07:58;16:58;Altiplano Central;fuera;Reserva de usos múltiples de la Cuenca del Lago de Atitlán;ac_190;no;;;no;11/04/2025 22:54:57.441;11/04/2025 22:54:57.441;-90.90818994;14.56897943
Acatenango;11/4/2025 18:00;08:08;16:47;Altiplano Central;fuera;Reserva de usos múltiples de la Cuenca del Lago de Atitlán;ac_190;no;;;no;11/04/2025 22:55:00.740;11/04/2025 22:55:00.740;-90.85125955;14.56514568
Nahuala;11/4/2025 18:00;11:53;;Altiplano Centralp;rumcla;Reserva de usos múltiples de la Cuenca del Lago de Atitlán;ac_192;no;;;no;11/04/2025 23:42:03.601;11/04/2025 23:42:03.601;-91.31153667;14.80093167
San Antonio Palopó;11/4/2025 18:00;08:33;;Altiplano Central;rumcla;Reserva de usos múltiples de la Cuenca del Lago de Atitlán;ac_192;no;;;no;11/04/2025 23:59:24.677;11/04/2025 23:59:24.677;-91.11730087;14.64950373
Santiago Atitlán;11/4/2025 18:00;08:02;04:30;Altiplano Central;rumcla;Reserva de usos múltiples de la Cuenca del Lago de Atitlán;ac_192;no;;;no;11/05/2025 00:01:00.456;11/05/2025 00:01:00.456;-91.23413931;14.62491137
Santa Maria Visitación;11/4/2025 18:00;09:00;03:35;Altiplano Central;rumcla;Reserva de usos múltiples de la Cuenca del Lago de Atitlán;ac_192;no;;;no;11/05/2025 12:09:47.857;11/05/2025 12:09:47.857;-91.33161991;14.7362769
San Lucas Tolimán;11/4/2025 18:00;;;Altiplano Central;rumcla;Reserva de usos múltiples de la Cuenca del Lago de Atitlán;ac_192;no;;;no;11/05/2025 20:36:29.393;11/05/2025 20:36:29.393;-91.14757667;14.62977833
Santa Cruz La Laguna;11/6/2025 18:00;09:00;13:30;Dirección Regional Altiplano Central;rumcla;Reserva de usos múltiples de la Cuenca del Lago de Atitlán;ac_192;no;;;no;11/06/2025 19:33:49.056;11/06/2025 19:33:49.056;-91.20742667;14.74691167
SanJuan La Laguna;11/06/2025 21:40:51.210;08:33;15:41;Altiplano Central;rumcla;Reserva de usos múltiples de la Cuenca del Lago de Atitlán;ac_192;no;;;si;11/06/2025 21:43:38.250;11/06/2025 21:43:38.250;-91.28694833;14.69548
San Antonio Palopó;11/06/2025 15:37:34.414;08:29;16:23;Altiplano Central;rumcla;Reserva de usos múltiples de la Cuenca del Lago de Atitlán;ac_192;no;;;si;11/06/2025 22:24:40.643;11/06/2025 22:24:40.643;-91.1170082;14.64974907
Tecpan;11/6/2025 18:00;08:15;16:27;Altiplano Central;fuera;Parque Arqueologico IXIMCHE.;ac_192;no;;;no;11/06/2025 22:39:24.588;11/06/2025 22:39:24.588;-91.0028339;14.742095
San Pablo La Laguna;11/6/2025 18:00;08:08;16:19;Altiplano Central;rumcla;Reserva de usos múltiples de la Cuenca del Lago de iAtitlán;ac_192;no;;;no;11/06/2025 22:42:04.016;11/06/2025 22:42:04.016;-91.2737216;14.7258181
Santa Clara La Laguna;11/6/2025 18:00;08:00;16:35;;rumcla;Reserva de usos múltiples de la Cuenca del Lago de Atitlán;ac_192;no;;;no;11/06/2025 22:53:33.097;11/06/2025 22:53:33.097;-91.29769484;14.71498224
Acatenango;11/6/2025 18:00;08:30;16:30;Altiplano Central;fuera;Montaña el socorro;ac_192;no;;;no;11/06/2025 23:20:16.657;11/06/2025 23:20:16.657;-90.94560667;14.575625
Santa Maria Visitación;11/6/2025 18:00;08:00;03:35;Altiplano Central;rumcla;Reserva de usos múltiples de la Cuenca del Lago de Atitlán;ac_192;no;;;no;11/06/2025 23:40:14.703;11/06/2025 23:40:14.703;-91.30961887;14.71711702
Santa Clara La Laguna;11/6/2025 18:00;09:08;14:45;Altiplano Central;rumcla;Reserva de usos múltiples de la Cuenca del Lago de Atitlán;ac_192;no;;;no;11/06/2025 23:46:07.091;11/06/2025 23:46:07.091;-91.31144943;14.73419773
Santiago Atitlán;11/6/2025 18:00;07:56;04:30;Altiplano Central;rumcla;Si;ac_192;no;;;no;11/07/2025 00:10:15.771;11/07/2025 00:10:15.771;-91.23407858;14.62514822
Santiago Atitlán;11/6/2025 18:00;08:00;16:30;Altiplano Central;rumcla;Reserva de usos múltiples de la Cuenca del Lago de Atitlán;ac_192;no;;;no;11/07/2025 00:12:11.090;11/07/2025 00:12:11.090;-91.23048082;14.62750456
San Andres Semetabaj;11/6/2025 18:00;08:00;16:46;Altiplano Central;rumcla;Reserva de usos múltiples de la Cuenca del Lago de Atitlán;ac_192;no;;;no;11/07/2025 01:44:57.614;11/07/2025 01:44:57.614;-91.13158537;14.74111857
San Pedro La Laguna;11/7/2025 18:00;09:16;13:32;Altiplano Central;rumcla;Reserva de usos múltiples de la Cuenca del Lagou de Atitlán;ac_192;no;;;no;11/07/2025 19:55:51.193;11/07/2025 19:55:51.193;-91.2708733;14.6913788
Nahuala;11/7/2025 18:00;10:31;15:24;Altiplano Central;rumcla;Reserva de usos múltiples de la Cuenca del Lago de Atitlán;ac_192;si;otra;Personal de COCODE Y UN GUARDABOSQUE, de la zona;no;11/07/2025 21:26:05.988;11/07/2025 21:26:05.988;-91.24141456;14.79574917
Santiago Atitlán;11/7/2025 18:00;08:00;16:30;Altiplano Central;rumcla;Reserva de usos múltiples de la Cuenca del Lago de Atitlán;ac_192;si;otra;Guardarecursos munisipal;no;11/07/2025 22:22:23.120;11/07/2025 22:22:23.120;-91.2303099;14.6342373
San Pablo La Laguna;11/7/2025 18:00;08:08;16:16;Altiplano Central;rumcla;Reserva de usos múltiples de la Cuenca del Lago de Atitlán;ac_192;no;;;no;11/07/2025 22:49:30.523;11/07/2025 22:49:30.523;-91.2736077;14.7192664
Parramos/Poaquil;11/6/2025 18:00;20:30;16:30;Altiplano Central;fuera;Reserva de usos múltiples de la Cuenca del Lago de Atitlán;ac_192;no;;;no;11/07/2025 22:50:28.235;11/07/2025 22:50:28.235;-90.815155;14.56658833
San Pedro La Laguna;11/07/2025 21:35:12.617;15:35;17:22;Altiplano Central;rumcla;Reserva de usos múltiples de la Cuenca del Lago de Atitlán;ac_190;si;otra;Pnc cocode de chauasanahi conap;si;11/07/2025 23:29:44.995;11/07/2025 23:29:44.995;-91.27641719;14.6886664
Parramos;11/6/2025 18:00;08:26;17:19;Altiplano Central;fuera;Area privada parramos chimaltenango;ac_192;no;;;no;11/08/2025 00:03:48.380;11/08/2025 00:03:48.380;-90.8152657;14.586147
SanJuan La Laguna;11/07/2025 19:07:49.493;12:08;16:30;Altiplano Central;rumcla;Reserva de usos múltiples de la Cuenca del Lago de Atitlán;ac_192;no;;;si;11/08/2025 01:22:23.520;11/08/2025 01:22:23.520;-91.31023667;14.68832
Santa Clara La Laguna;11/7/2025 18:00;08:00;04:30;Altiplano Central;rumcla;Reserva de usos múltiples de la Cuenca del Lago de Atitlán;ac_192;no;;;no;11/08/2025 02:17:48.163;11/08/2025 02:17:48.163;-91.31302505;14.73149926
Acatenango;11/6/2025 18:00;07:50;04:58;Altiplano Central;fuera;Reserva de usos múltiples de la Cuenca del Lago de Atitlán;ac_191;no;;;no;11/08/2025 08:30:11.691;11/08/2025 08:30:11.691;-90.9043205;14.5479515
Santa Lucia Utatlán;11/6/2025 18:00;09:04;15:50;Altiplano Central;rumcla;Reserva de usos múltiples de la Cuenca del Lago de Atitlán;ac_192;no;;;no;11/10/2025 15:05:25.349;11/10/2025 15:05:25.349;-91.29105474;14.78039274
San Lucas Tolimán;11/7/2025 18:00;;;Altiplano Central;rumcla;Reserva de usos múltiples de la Cuenca del Lago de Atitlán;ac_192;no;;;no;11/10/2025 18:28:35.168;11/10/2025 18:28:35.168;-91.15078333;14.636175
Santa Catarina Palopó;11/7/2025 18:00;08:28;16:38;Altiplano Central;rumcla;Reserva de usos múltiples de la Cuenca del Lago de Atitlán;ac_192;no;;;no;11/10/2025 21:39:41.261;11/10/2025 21:39:41.261;-91.1204625;14.7138567
Acatenango;11/10/2025 18:00;08:00;04:30;Altiplano Central;fuera;Cerro el cipreson aldea los planes acatenango;ac_192;no;;;si;11/10/2025 22:51:39.504;11/10/2025 22:51:39.504;-90.92686333;14.56316333
Tecpan;11/10/2025 18:00;08:15;16:48;Altiplano Central;fuera;Parque Regional Municipal, astillero de Tecpan.;ac_192;no;;;no;11/10/2025 22:52:06.193;11/10/2025 22:52:06.193;-91.01201333;14.75694333
Acatenango;11/10/2025 18:00;08:07;04:48;Altiplano Centraln;fuera;Reserva de usos múltiples de la Cuenca del Lago de Atitlán;ac_192;no;;;no;11/10/2025 22:57:20.002;11/10/2025 22:57:20.002;-90.90578852;14.56233858
Parramos;11/10/2025 18:00;08:23;16:53;Altiplano Central;fuera;Astillero parramos chimaltenango;ac_192;no;;;no;11/10/2025 22:58:00.956;11/10/2025 22:58:00.956;-90.7962291;14.6284639
Santa Clara La Laguna;11/10/2025 18:00;08:00;04:30;Altiplano Central;rumcla;Reserva de usos múltiples de la Cuenca del Lago de Atitlán;ac_192;no;;;no;11/10/2025 23:23:29.495;11/10/2025 23:23:29.495;-91.30918328;14.7294921
Santa Maria Visitación;11/10/2025 18:00;08:49;13:00;Altiplano Central;rumcla;Reserva de usos múltiples de la Cuenca del Lago de Atitlán;ac_192;no;;;no;11/10/2025 23:24:10.551;11/10/2025 23:24:10.551;-91.30978977;14.71647938
San Andres Semetabaj;11/10/2025 18:00;08:00;16:40;Altiplano Central;rumcla;Reserva de usos múltiples de la Cuenca del Lago de Atitlán;ac_192;no;;;no;11/10/2025 23:40:37.871;11/10/2025 23:40:37.871;-91.12870483;14.73812829
Tecpan;11/10/2025 18:00;09:00;17:30;Altiplano Central;fuera;Parque regional astillero municipal Tecpan;ac_192;no;;;no;11/11/2025 00:31:09.504;11/11/2025 00:31:09.504;-91.01298641;14.76570221
Santa Clara La Laguna;11/10/2025 18:00;10:58;13:56;Altiplano Central;rumcla;Reserva de usos múltiples de la Cuenca del Lago de Atitlán;ac_192;no;;;no;11/11/2025 00:59:13.786;11/11/2025 00:59:13.786;-91.31072371;14.7661321
Nahuala;11/11/2025 18:00;10:24;16:20;Altiplano Central;rumcla;Reserva de usos múltiples de la Cuenca del Lago de Atitlán;ac_192;no;;;no;11/11/2025 22:14:33.950;11/11/2025 22:14:33.950;-91.30841;14.85029167
Santa Cruz La Laguna;11/12/2025 18:00;09:00;15:42;Altiplano Central;rumcla;Reserva de usos múltiples de la Cuenca de Atitlán;ac_192;no;;;no;11/12/2025 21:53:27.998;11/12/2025 21:53:27.998;-91.20696333;14.74710167
SanJuan La Laguna;11/12/2025 18:00;12:56;16:30;Altiplano Central;rumcla;Reserva de usos múltiples de la Cuenca del Lago de Atitlán;ac_192;no;;;si;11/13/2025 02:10:34.285;11/13/2025 02:10:34.285;-91.305435;14.689655
Santa Cruz La Laguna;11/13/2025 18:00;09:00;15:49;Dirección Regional Altiplano Central;rumcla;Reserva de usos múltiples de la Cuenca del Lago de Atitlán;ac_192;no;;;no;11/13/2025 21:52:41.721;11/13/2025 21:52:41.721;-91.19993333;14.74859667
Parramos/Poaquil;11/13/2025 18:00;08:30;16:30;Altiplano Central;fuera;Astillero chicorona;ac_192;no;;;no;11/13/2025 22:16:50.994;11/13/2025 22:16:50.994;-90.81117;14.59277833
SanJuan La Laguna;11/13/2025 15:23:41.943;08:02;16:30;Altiplano Central;rumcla;Reserva de usos múltiples de la Cuenca del Lago de Atitlán;ac_192;no;;;no;11/13/2025 23:05:00.281;11/13/2025 23:05:00.281;-91.29214833;14.69171333
Tecpan;11/13/2025 18:00;09:00;17:01;Altiplano Central;fuera;Parque regional astillero municipal Tecpan;ac_192;no;;;no;11/14/2025 00:01:43.376;11/14/2025 00:01:43.376;-90.97434351;14.76200474
Santa Clara La Laguna;11/13/2025 18:00;09:00;14:00;Altiplano Central;rumcla;Reserva de usos múltiples de la Cuenca del Lago de Atitlán;ac_192;no;;;no;11/14/2025 05:00:47.336;11/14/2025 05:00:47.336;-91.30972888;14.7295952
Nahuala;11/14/2025 18:00;09:20;15:34;Altiplano Central;rumcla;Reserva de usos múltiples de la Cuenca del Lago de Atitlán;ac_192;no;;;no;11/14/2025 21:36:31.660;11/14/2025 21:36:31.660;-91.3178536;14.8364198
San Pablo La Laguna;11/14/2025 18:00;08:20;16:02;Altiplano Central;rumcla;Reserva de usos múltiples de la Cuenca del Lago de Atitlán;ac_192;no;;;no;11/14/2025 22:24:31.867;11/14/2025 22:24:31.867;-91.2733069;14.7178102
Santa Clara La Laguna;11/14/2025 18:00;08:08;15:25;Altiplano Central;rumcla;Reserva de usos múltiples de la Cuenca del Lago de Atitlán;ac_192;no;;;no;11/14/2025 22:27:43.769;11/14/2025 22:27:43.769;-91.31260272;14.77348859
Santa Clara La Laguna;11/14/2025 18:00;20:00;16:37;Altiplano Central;fuera;Reserva de usos múltiples de la Cuenca del Lago de Atitlán;ac_192;no;;;no;11/14/2025 22:38:41.769;11/14/2025 22:38:41.769;-91.31157872;14.73406256
Acatenango;11/14/2025 18:00;08:00;04:30;Altiplano Central;fuera;Cerro la campana aldea pacoc acatenango;ac_192;no;;;no;11/14/2025 23:51:39.826;11/14/2025 23:51:39.826;-90.94708833;14.59117667
Santiago Atitlán;11/10/2025 18:00;08:01;04:30;Altiplano Central;rumcla;Reserva de usos múltiples de la Cuenca del Lago de Atitlán;ac_192;no;;;no;11/15/2025 00:25:43.552;11/15/2025 00:25:43.552;-91.23381691;14.62464776
Acatenango;11/14/2025 18:00;08:23;17:23;Altiplano Central;fuera;Reserva de usos múltiples  DIde la Cuenca del Lago de Atitlán;ac_191;no;;;no;11/15/2025 00:44:57.818;11/15/2025 00:44:57.818;-90.94804186;14.59302401
